document,table,table_index,row_index,column_index,row_label,column_label,scientific_cell,canonical_display,actual_display,status,source_artifact,full_precision_value
manuscript,manuscript_table_1.csv,1,0,0,Characteristic,Characteristic,NO,Characteristic,Characteristic,PASS,release/v1.0.0/stage6/tables/manuscript_table_1.csv,
manuscript,manuscript_table_1.csv,1,0,1,Characteristic,All hospitals,NO,All hospitals,"All hospitals
(N=2,651)",PASS_NORMALIZED,release/v1.0.0/stage6/tables/manuscript_table_1.csv,
manuscript,manuscript_table_1.csv,1,0,2,Characteristic,Acute Care,NO,Acute Care,"Acute Care
(n=1,871)",PASS_NORMALIZED,release/v1.0.0/stage6/tables/manuscript_table_1.csv,
manuscript,manuscript_table_1.csv,1,0,3,Characteristic,Critical Access,NO,Critical Access,"Critical Access
(n=780)",PASS_NORMALIZED,release/v1.0.0/stage6/tables/manuscript_table_1.csv,
manuscript,manuscript_table_1.csv,1,1,0,ONC survey year 2025,Characteristic,NO,ONC survey year 2025,ONC survey year 2025,PASS,release/v1.0.0/stage6/tables/manuscript_table_1.csv,
manuscript,manuscript_table_1.csv,1,1,1,ONC survey year 2025,All hospitals,YES,2289 (86.3%),2289 (86.3%),PASS,release/v1.0.0/stage6/tables/manuscript_table_1.csv,
manuscript,manuscript_table_1.csv,1,1,2,ONC survey year 2025,Acute Care,YES,1644 (87.9%),1644 (87.9%),PASS,release/v1.0.0/stage6/tables/manuscript_table_1.csv,
manuscript,manuscript_table_1.csv,1,1,3,ONC survey year 2025,Critical Access,YES,645 (82.7%),645 (82.7%),PASS,release/v1.0.0/stage6/tables/manuscript_table_1.csv,
manuscript,manuscript_table_1.csv,1,2,0,Nonmetropolitan county,Characteristic,NO,Nonmetropolitan county,Nonmetropolitan county,PASS,release/v1.0.0/stage6/tables/manuscript_table_1.csv,
manuscript,manuscript_table_1.csv,1,2,1,Nonmetropolitan county,All hospitals,YES,1027 (38.7%),1027 (38.7%),PASS,release/v1.0.0/stage6/tables/manuscript_table_1.csv,
manuscript,manuscript_table_1.csv,1,2,2,Nonmetropolitan county,Acute Care,YES,406 (21.7%),406 (21.7%),PASS,release/v1.0.0/stage6/tables/manuscript_table_1.csv,
manuscript,manuscript_table_1.csv,1,2,3,Nonmetropolitan county,Critical Access,YES,621 (79.6%),621 (79.6%),PASS,release/v1.0.0/stage6/tables/manuscript_table_1.csv,
manuscript,manuscript_table_1.csv,1,3,0,Health-system affiliated,Characteristic,NO,Health-system affiliated,Health-system affiliated,PASS,release/v1.0.0/stage6/tables/manuscript_table_1.csv,
manuscript,manuscript_table_1.csv,1,3,1,Health-system affiliated,All hospitals,YES,2157 (82.2%),2157 (82.2%),PASS,release/v1.0.0/stage6/tables/manuscript_table_1.csv,
manuscript,manuscript_table_1.csv,1,3,2,Health-system affiliated,Acute Care,YES,1725 (92.4%),1725 (92.4%),PASS,release/v1.0.0/stage6/tables/manuscript_table_1.csv,
manuscript,manuscript_table_1.csv,1,3,3,Health-system affiliated,Critical Access,YES,432 (57.1%),432 (57.1%),PASS,release/v1.0.0/stage6/tables/manuscript_table_1.csv,
manuscript,manuscript_table_1.csv,1,4,0,Current TEFCA participation,Characteristic,NO,Current TEFCA participation,Current TEFCA participation,PASS,release/v1.0.0/stage6/tables/manuscript_table_1.csv,
manuscript,manuscript_table_1.csv,1,4,1,Current TEFCA participation,All hospitals,YES,1082 (40.8%),1082 (40.8%),PASS,release/v1.0.0/stage6/tables/manuscript_table_1.csv,
manuscript,manuscript_table_1.csv,1,4,2,Current TEFCA participation,Acute Care,YES,859 (45.9%),859 (45.9%),PASS,release/v1.0.0/stage6/tables/manuscript_table_1.csv,
manuscript,manuscript_table_1.csv,1,4,3,Current TEFCA participation,Critical Access,YES,223 (28.6%),223 (28.6%),PASS,release/v1.0.0/stage6/tables/manuscript_table_1.csv,
manuscript,manuscript_table_1.csv,1,5,0,Major or very major teaching hospital,Characteristic,NO,Major or very major teaching hospital,Major or very major teaching hospital,PASS,release/v1.0.0/stage6/tables/manuscript_table_1.csv,
manuscript,manuscript_table_1.csv,1,5,1,Major or very major teaching hospital,All hospitals,YES,306 (11.7%),306 (11.7%),PASS,release/v1.0.0/stage6/tables/manuscript_table_1.csv,
manuscript,manuscript_table_1.csv,1,5,2,Major or very major teaching hospital,Acute Care,YES,305 (16.4%),305 (16.4%),PASS,release/v1.0.0/stage6/tables/manuscript_table_1.csv,
manuscript,manuscript_table_1.csv,1,5,3,Major or very major teaching hospital,Critical Access,YES,1 (0.1%),1 (0.1%),PASS,release/v1.0.0/stage6/tables/manuscript_table_1.csv,
manuscript,manuscript_table_1.csv,1,6,0,High DSH patient percentage,Characteristic,NO,High DSH patient percentage,High DSH patient percentage,PASS,release/v1.0.0/stage6/tables/manuscript_table_1.csv,
manuscript,manuscript_table_1.csv,1,6,1,High DSH patient percentage,All hospitals,YES,333 (12.8%),333 (12.8%),PASS,release/v1.0.0/stage6/tables/manuscript_table_1.csv,
manuscript,manuscript_table_1.csv,1,6,2,High DSH patient percentage,Acute Care,YES,333 (17.9%),333 (17.9%),PASS,release/v1.0.0/stage6/tables/manuscript_table_1.csv,
manuscript,manuscript_table_1.csv,1,6,3,High DSH patient percentage,Critical Access,YES,0 (0.0%),0 (0.0%),PASS,release/v1.0.0/stage6/tables/manuscript_table_1.csv,
manuscript,manuscript_table_1.csv,1,7,0,High uncompensated-care burden,Characteristic,NO,High uncompensated-care burden,High uncompensated-care burden,PASS,release/v1.0.0/stage6/tables/manuscript_table_1.csv,
manuscript,manuscript_table_1.csv,1,7,1,High uncompensated-care burden,All hospitals,YES,504 (19.3%),504 (19.3%),PASS,release/v1.0.0/stage6/tables/manuscript_table_1.csv,
manuscript,manuscript_table_1.csv,1,7,2,High uncompensated-care burden,Acute Care,YES,326 (17.6%),326 (17.6%),PASS,release/v1.0.0/stage6/tables/manuscript_table_1.csv,
manuscript,manuscript_table_1.csv,1,7,3,High uncompensated-care burden,Critical Access,YES,178 (23.6%),178 (23.6%),PASS,release/v1.0.0/stage6/tables/manuscript_table_1.csv,
manuscript,manuscript_table_1.csv,1,8,0,Primary HCAHPS outcome publicly reported,Characteristic,NO,Primary HCAHPS outcome publicly reported,Primary HCAHPS outcome publicly reported,PASS,release/v1.0.0/stage6/tables/manuscript_table_1.csv,
manuscript,manuscript_table_1.csv,1,8,1,Primary HCAHPS outcome publicly reported,All hospitals,YES,2409 (90.9%),2409 (90.9%),PASS,release/v1.0.0/stage6/tables/manuscript_table_1.csv,
manuscript,manuscript_table_1.csv,1,8,2,Primary HCAHPS outcome publicly reported,Acute Care,YES,1852 (99.0%),1852 (99.0%),PASS,release/v1.0.0/stage6/tables/manuscript_table_1.csv,
manuscript,manuscript_table_1.csv,1,8,3,Primary HCAHPS outcome publicly reported,Critical Access,YES,557 (71.4%),557 (71.4%),PASS,release/v1.0.0/stage6/tables/manuscript_table_1.csv,
manuscript,manuscript_table_1.csv,1,9,0,Ownership: Government,Characteristic,NO,Ownership: Government,Ownership: Government,PASS,release/v1.0.0/stage6/tables/manuscript_table_1.csv,
manuscript,manuscript_table_1.csv,1,9,1,Ownership: Government,All hospitals,YES,382 (14.6%),382 (14.6%),PASS,release/v1.0.0/stage6/tables/manuscript_table_1.csv,
manuscript,manuscript_table_1.csv,1,9,2,Ownership: Government,Acute Care,YES,299 (16.1%),299 (16.1%),PASS,release/v1.0.0/stage6/tables/manuscript_table_1.csv,
manuscript,manuscript_table_1.csv,1,9,3,Ownership: Government,Critical Access,YES,83 (11.0%),83 (11.0%),PASS,release/v1.0.0/stage6/tables/manuscript_table_1.csv,
manuscript,manuscript_table_1.csv,1,10,0,Ownership: Nonprofit,Characteristic,NO,Ownership: Nonprofit,Ownership: Nonprofit,PASS,release/v1.0.0/stage6/tables/manuscript_table_1.csv,
manuscript,manuscript_table_1.csv,1,10,1,Ownership: Nonprofit,All hospitals,YES,1889 (72.3%),1889 (72.3%),PASS,release/v1.0.0/stage6/tables/manuscript_table_1.csv,
manuscript,manuscript_table_1.csv,1,10,2,Ownership: Nonprofit,Acute Care,YES,1243 (67.0%),1243 (67.0%),PASS,release/v1.0.0/stage6/tables/manuscript_table_1.csv,
manuscript,manuscript_table_1.csv,1,10,3,Ownership: Nonprofit,Critical Access,YES,646 (85.6%),646 (85.6%),PASS,release/v1.0.0/stage6/tables/manuscript_table_1.csv,
manuscript,manuscript_table_1.csv,1,11,0,Ownership: For-profit,Characteristic,NO,Ownership: For-profit,Ownership: For-profit,PASS,release/v1.0.0/stage6/tables/manuscript_table_1.csv,
manuscript,manuscript_table_1.csv,1,11,1,Ownership: For-profit,All hospitals,YES,340 (13.0%),340 (13.0%),PASS,release/v1.0.0/stage6/tables/manuscript_table_1.csv,
manuscript,manuscript_table_1.csv,1,11,2,Ownership: For-profit,Acute Care,YES,314 (16.9%),314 (16.9%),PASS,release/v1.0.0/stage6/tables/manuscript_table_1.csv,
manuscript,manuscript_table_1.csv,1,11,3,Ownership: For-profit,Critical Access,YES,26 (3.4%),26 (3.4%),PASS,release/v1.0.0/stage6/tables/manuscript_table_1.csv,
manuscript,manuscript_table_1.csv,1,12,0,"Beds, median (IQR)",Characteristic,NO,"Beds, median (IQR)","Beds, median (IQR)",PASS,release/v1.0.0/stage6/tables/manuscript_table_1.csv,
manuscript,manuscript_table_1.csv,1,12,1,"Beds, median (IQR)",All hospitals,YES,97 (25–237),97 (25–237),PASS,release/v1.0.0/stage6/tables/manuscript_table_1.csv,
manuscript,manuscript_table_1.csv,1,12,2,"Beds, median (IQR)",Acute Care,YES,166 (81–301),166 (81–301),PASS,release/v1.0.0/stage6/tables/manuscript_table_1.csv,
manuscript,manuscript_table_1.csv,1,12,3,"Beds, median (IQR)",Critical Access,YES,25 (19–25),25 (19–25),PASS,release/v1.0.0/stage6/tables/manuscript_table_1.csv,
manuscript,manuscript_table_1.csv,1,13,0,"Observed discharge-information score, mean (SD)",Characteristic,NO,"Observed discharge-information score, mean (SD)","Observed discharge-information score, mean (SD)",PASS,release/v1.0.0/stage6/tables/manuscript_table_1.csv,
manuscript,manuscript_table_1.csv,1,13,1,"Observed discharge-information score, mean (SD)",All hospitals,YES,86.42 (4.26),86.42 (4.26),PASS,release/v1.0.0/stage6/tables/manuscript_table_1.csv,
manuscript,manuscript_table_1.csv,1,13,2,"Observed discharge-information score, mean (SD)",Acute Care,YES,85.62 (3.82),85.62 (3.82),PASS,release/v1.0.0/stage6/tables/manuscript_table_1.csv,
manuscript,manuscript_table_1.csv,1,13,3,"Observed discharge-information score, mean (SD)",Critical Access,YES,89.05 (4.60),89.05 (4.60),PASS,release/v1.0.0/stage6/tables/manuscript_table_1.csv,
manuscript,manuscript_table_2.csv,2,0,0,Code,Code,NO,Code,Code,PASS,release/v1.0.0/stage6/tables/manuscript_table_2.csv,
manuscript,manuscript_table_2.csv,2,0,1,Code,Network profile,NO,Network profile,Network profile,PASS,release/v1.0.0/stage6/tables/manuscript_table_2.csv,
manuscript,manuscript_table_2.csv,2,0,2,Code,Source N,NO,Source N,Source N,PASS,release/v1.0.0/stage6/tables/manuscript_table_2.csv,
manuscript,manuscript_table_2.csv,2,0,3,Code,Outcome N,NO,Outcome N,Outcome N,PASS,release/v1.0.0/stage6/tables/manuscript_table_2.csv,
manuscript,manuscript_table_2.csv,2,0,4,Code,"Adjusted mean, % (95% CI)",NO,"Adjusted mean, % (95% CI)","Adjusted mean, % (95% CI)",PASS,release/v1.0.0/stage6/tables/manuscript_table_2.csv,
manuscript,manuscript_table_2.csv,2,0,5,Code,"Difference from code 3, pp",NO,"Difference from code 3, pp","Difference from code 3, pp",PASS,release/v1.0.0/stage6/tables/manuscript_table_2.csv,
manuscript,manuscript_table_2.csv,2,1,0,0,Code,NO,0,0,PASS,release/v1.0.0/stage6/tables/manuscript_table_2.csv,
manuscript,manuscript_table_2.csv,2,1,1,0,Network profile,NO,No coded participation,No coded participation,PASS,release/v1.0.0/stage6/tables/manuscript_table_2.csv,
manuscript,manuscript_table_2.csv,2,1,2,0,Source N,YES,123,123,PASS,release/v1.0.0/stage6/tables/manuscript_table_2.csv,
manuscript,manuscript_table_2.csv,2,1,3,0,Outcome N,YES,89,89,PASS,release/v1.0.0/stage6/tables/manuscript_table_2.csv,
manuscript,manuscript_table_2.csv,2,1,4,0,"Adjusted mean, % (95% CI)",YES,86.92 (85.94 to 87.90),86.92 (85.94 to 87.90),PASS,release/v1.0.0/stage6/tables/manuscript_table_2.csv,
manuscript,manuscript_table_2.csv,2,1,5,0,"Difference from code 3, pp",YES,+0.10,+0.10,PASS,release/v1.0.0/stage6/tables/manuscript_table_2.csv,
manuscript,manuscript_table_2.csv,2,2,0,1,Code,NO,1,1,PASS,release/v1.0.0/stage6/tables/manuscript_table_2.csv,
manuscript,manuscript_table_2.csv,2,2,1,1,Network profile,NO,"Single conventional network, no TEFCA","Single conventional network, no TEFCA",PASS,release/v1.0.0/stage6/tables/manuscript_table_2.csv,
manuscript,manuscript_table_2.csv,2,2,2,1,Source N,YES,312,312,PASS,release/v1.0.0/stage6/tables/manuscript_table_2.csv,
manuscript,manuscript_table_2.csv,2,2,3,1,Outcome N,YES,258,258,PASS,release/v1.0.0/stage6/tables/manuscript_table_2.csv,
manuscript,manuscript_table_2.csv,2,2,4,1,"Adjusted mean, % (95% CI)",YES,85.39 (84.81 to 85.97),85.39 (84.81 to 85.97),PASS,release/v1.0.0/stage6/tables/manuscript_table_2.csv,
manuscript,manuscript_table_2.csv,2,2,5,1,"Difference from code 3, pp",YES,-1.43,-1.43,PASS,release/v1.0.0/stage6/tables/manuscript_table_2.csv,
manuscript,manuscript_table_2.csv,2,3,0,2,Code,NO,2,2,PASS,release/v1.0.0/stage6/tables/manuscript_table_2.csv,
manuscript,manuscript_table_2.csv,2,3,1,2,Network profile,NO,"Two conventional networks, no TEFCA","Two conventional networks, no TEFCA",PASS,release/v1.0.0/stage6/tables/manuscript_table_2.csv,
manuscript,manuscript_table_2.csv,2,3,2,2,Source N,YES,689,689,PASS,release/v1.0.0/stage6/tables/manuscript_table_2.csv,
manuscript,manuscript_table_2.csv,2,3,3,2,Outcome N,YES,620,620,PASS,release/v1.0.0/stage6/tables/manuscript_table_2.csv,
manuscript,manuscript_table_2.csv,2,3,4,2,"Adjusted mean, % (95% CI)",YES,86.82 (86.49 to 87.14),86.82 (86.49 to 87.14),PASS,release/v1.0.0/stage6/tables/manuscript_table_2.csv,
manuscript,manuscript_table_2.csv,2,3,5,2,"Difference from code 3, pp",YES,0.00,0.00,PASS,release/v1.0.0/stage6/tables/manuscript_table_2.csv,
manuscript,manuscript_table_2.csv,2,4,0,3,Code,NO,3,3,PASS,release/v1.0.0/stage6/tables/manuscript_table_2.csv,
manuscript,manuscript_table_2.csv,2,4,1,3,Network profile,NO,"Three conventional networks, no TEFCA","Three conventional networks, no TEFCA",PASS,release/v1.0.0/stage6/tables/manuscript_table_2.csv,
manuscript,manuscript_table_2.csv,2,4,2,3,Source N,YES,445,445,PASS,release/v1.0.0/stage6/tables/manuscript_table_2.csv,
manuscript,manuscript_table_2.csv,2,4,3,3,Outcome N,YES,406,406,PASS,release/v1.0.0/stage6/tables/manuscript_table_2.csv,
manuscript,manuscript_table_2.csv,2,4,4,3,"Adjusted mean, % (95% CI)",YES,86.82 (86.48 to 87.15),86.82 (86.48 to 87.15),PASS,release/v1.0.0/stage6/tables/manuscript_table_2.csv,
manuscript,manuscript_table_2.csv,2,4,5,3,"Difference from code 3, pp",YES,Reference,Reference,PASS,release/v1.0.0/stage6/tables/manuscript_table_2.csv,
manuscript,manuscript_table_2.csv,2,5,0,4,Code,NO,4,4,PASS,release/v1.0.0/stage6/tables/manuscript_table_2.csv,
manuscript,manuscript_table_2.csv,2,5,1,4,Network profile,NO,TEFCA plus zero to two conventional networks,TEFCA plus zero to two conventional networks,PASS,release/v1.0.0/stage6/tables/manuscript_table_2.csv,
manuscript,manuscript_table_2.csv,2,5,2,4,Source N,YES,495,495,PASS,release/v1.0.0/stage6/tables/manuscript_table_2.csv,
manuscript,manuscript_table_2.csv,2,5,3,4,Outcome N,YES,463,463,PASS,release/v1.0.0/stage6/tables/manuscript_table_2.csv,
manuscript,manuscript_table_2.csv,2,5,4,4,"Adjusted mean, % (95% CI)",YES,86.34 (85.94 to 86.74),86.34 (85.94 to 86.74),PASS,release/v1.0.0/stage6/tables/manuscript_table_2.csv,
manuscript,manuscript_table_2.csv,2,5,5,4,"Difference from code 3, pp",YES,-0.48,-0.48,PASS,release/v1.0.0/stage6/tables/manuscript_table_2.csv,
manuscript,manuscript_table_2.csv,2,6,0,5,Code,NO,5,5,PASS,release/v1.0.0/stage6/tables/manuscript_table_2.csv,
manuscript,manuscript_table_2.csv,2,6,1,5,Network profile,NO,TEFCA plus all three conventional networks,TEFCA plus all three conventional networks,PASS,release/v1.0.0/stage6/tables/manuscript_table_2.csv,
manuscript,manuscript_table_2.csv,2,6,2,5,Source N,YES,587,587,PASS,release/v1.0.0/stage6/tables/manuscript_table_2.csv,
manuscript,manuscript_table_2.csv,2,6,3,5,Outcome N,YES,573,573,PASS,release/v1.0.0/stage6/tables/manuscript_table_2.csv,
manuscript,manuscript_table_2.csv,2,6,4,5,"Adjusted mean, % (95% CI)",YES,87.09 (86.78 to 87.41),87.09 (86.78 to 87.41),PASS,release/v1.0.0/stage6/tables/manuscript_table_2.csv,
manuscript,manuscript_table_2.csv,2,6,5,5,"Difference from code 3, pp",YES,+0.28,+0.28,PASS,release/v1.0.0/stage6/tables/manuscript_table_2.csv,
manuscript,manuscript_table_3.csv,3,0,0,Analysis,Analysis,NO,Analysis,Analysis,PASS,release/v1.0.0/stage6/tables/manuscript_table_3.csv,
manuscript,manuscript_table_3.csv,3,0,1,Analysis,Global χ² (df),NO,Global χ² (df),Global χ² (df),PASS,release/v1.0.0/stage6/tables/manuscript_table_3.csv,
manuscript,manuscript_table_3.csv,3,0,2,Analysis,Global P,NO,Global P,Global P,PASS,release/v1.0.0/stage6/tables/manuscript_table_3.csv,
manuscript,manuscript_table_3.csv,3,0,3,Analysis,"Profile 5–3 difference, pp (95% CI)",NO,"Profile 5–3 difference, pp (95% CI)","Profile 5–3 difference, pp (95% CI)",PASS,release/v1.0.0/stage6/tables/manuscript_table_3.csv,
manuscript,manuscript_table_3.csv,3,0,4,Analysis,Contrast P,NO,Contrast P,Contrast P,PASS,release/v1.0.0/stage6/tables/manuscript_table_3.csv,
manuscript,manuscript_table_3.csv,3,1,0,Primary MICE + IPOW + HC3,Analysis,NO,Primary MICE + IPOW + HC3,Primary MICE + IPOW + HC3,PASS,release/v1.0.0/stage6/tables/manuscript_table_3.csv,
manuscript,manuscript_table_3.csv,3,1,1,Primary MICE + IPOW + HC3,Global χ² (df),YES,29.03 (5),29.03 (5),PASS,release/v1.0.0/stage6/tables/manuscript_table_3.csv,
manuscript,manuscript_table_3.csv,3,1,2,Primary MICE + IPOW + HC3,Global P,YES,<.001,<.001,PASS,release/v1.0.0/stage6/tables/manuscript_table_3.csv,
manuscript,manuscript_table_3.csv,3,1,3,Primary MICE + IPOW + HC3,"Profile 5–3 difference, pp (95% CI)",YES,0.28 (-0.15 to 0.70),0.28 (-0.15 to 0.70),PASS,release/v1.0.0/stage6/tables/manuscript_table_3.csv,
manuscript,manuscript_table_3.csv,3,1,4,Primary MICE + IPOW + HC3,Contrast P,YES,0.206,0.206,PASS,release/v1.0.0/stage6/tables/manuscript_table_3.csv,
manuscript,manuscript_table_3.csv,3,2,0,Completed-survey-count precision weighting,Analysis,NO,Completed-survey-count precision weighting,Completed-survey-count precision weighting,PASS,release/v1.0.0/stage6/tables/manuscript_table_3.csv,
manuscript,manuscript_table_3.csv,3,2,1,Completed-survey-count precision weighting,Global χ² (df),YES,30.57 (5),30.57 (5),PASS,release/v1.0.0/stage6/tables/manuscript_table_3.csv,
manuscript,manuscript_table_3.csv,3,2,2,Completed-survey-count precision weighting,Global P,YES,<.001,<.001,PASS,release/v1.0.0/stage6/tables/manuscript_table_3.csv,
manuscript,manuscript_table_3.csv,3,2,3,Completed-survey-count precision weighting,"Profile 5–3 difference, pp (95% CI)",YES,0.14 (-0.31 to 0.59),0.14 (-0.31 to 0.59),PASS,release/v1.0.0/stage6/tables/manuscript_table_3.csv,
manuscript,manuscript_table_3.csv,3,2,4,Completed-survey-count precision weighting,Contrast P,YES,0.533,0.533,PASS,release/v1.0.0/stage6/tables/manuscript_table_3.csv,
manuscript,manuscript_table_3.csv,3,3,0,State-clustered standard errors,Analysis,NO,State-clustered standard errors,State-clustered standard errors,PASS,release/v1.0.0/stage6/tables/manuscript_table_3.csv,
manuscript,manuscript_table_3.csv,3,3,1,State-clustered standard errors,Global χ² (df),YES,14.42 (5),14.42 (5),PASS,release/v1.0.0/stage6/tables/manuscript_table_3.csv,
manuscript,manuscript_table_3.csv,3,3,2,State-clustered standard errors,Global P,YES,.013,.013,PASS,release/v1.0.0/stage6/tables/manuscript_table_3.csv,
manuscript,manuscript_table_3.csv,3,3,3,State-clustered standard errors,"Profile 5–3 difference, pp (95% CI)",YES,0.28 (-0.28 to 0.83),0.28 (-0.28 to 0.83),PASS,release/v1.0.0/stage6/tables/manuscript_table_3.csv,
manuscript,manuscript_table_3.csv,3,3,4,State-clustered standard errors,Contrast P,YES,0.333,0.333,PASS,release/v1.0.0/stage6/tables/manuscript_table_3.csv,
manuscript,manuscript_table_3.csv,3,4,0,CMS ownership substituted,Analysis,NO,CMS ownership substituted,CMS ownership substituted,PASS,release/v1.0.0/stage6/tables/manuscript_table_3.csv,
manuscript,manuscript_table_3.csv,3,4,1,CMS ownership substituted,Global χ² (df),YES,48.92 (5),48.92 (5),PASS,release/v1.0.0/stage6/tables/manuscript_table_3.csv,
manuscript,manuscript_table_3.csv,3,4,2,CMS ownership substituted,Global P,YES,<.001,<.001,PASS,release/v1.0.0/stage6/tables/manuscript_table_3.csv,
manuscript,manuscript_table_3.csv,3,4,3,CMS ownership substituted,"Profile 5–3 difference, pp (95% CI)",YES,0.32 (-0.11 to 0.75),0.32 (-0.11 to 0.75),PASS,release/v1.0.0/stage6/tables/manuscript_table_3.csv,
manuscript,manuscript_table_3.csv,3,4,4,CMS ownership substituted,Contrast P,YES,0.144,0.144,PASS,release/v1.0.0/stage6/tables/manuscript_table_3.csv,
manuscript,manuscript_table_3.csv,3,5,0,Fractional logit average marginal effect,Analysis,NO,Fractional logit average marginal effect,Fractional logit average marginal effect,PASS,release/v1.0.0/stage6/tables/manuscript_table_3.csv,
manuscript,manuscript_table_3.csv,3,5,1,Fractional logit average marginal effect,Global χ² (df),YES,30.20 (5),30.20 (5),PASS,release/v1.0.0/stage6/tables/manuscript_table_3.csv,
manuscript,manuscript_table_3.csv,3,5,2,Fractional logit average marginal effect,Global P,YES,<.001,<.001,PASS,release/v1.0.0/stage6/tables/manuscript_table_3.csv,
manuscript,manuscript_table_3.csv,3,5,3,Fractional logit average marginal effect,"Profile 5–3 difference, pp (95% CI)",YES,0.29 (-0.13 to 0.71),0.29 (-0.13 to 0.71),PASS,release/v1.0.0/stage6/tables/manuscript_table_3.csv,
manuscript,manuscript_table_3.csv,3,5,4,Fractional logit average marginal effect,Contrast P,YES,0.176,0.176,PASS,release/v1.0.0/stage6/tables/manuscript_table_3.csv,
manuscript,manuscript_table_3.csv,3,6,0,Unweighted complete-covariate complete case,Analysis,NO,Unweighted complete-covariate complete case,Unweighted complete-covariate complete case,PASS,release/v1.0.0/stage6/tables/manuscript_table_3.csv,
manuscript,manuscript_table_3.csv,3,6,1,Unweighted complete-covariate complete case,Global χ² (df),YES,30.31 (5),30.31 (5),PASS,release/v1.0.0/stage6/tables/manuscript_table_3.csv,
manuscript,manuscript_table_3.csv,3,6,2,Unweighted complete-covariate complete case,Global P,YES,<.001,<.001,PASS,release/v1.0.0/stage6/tables/manuscript_table_3.csv,
manuscript,manuscript_table_3.csv,3,6,3,Unweighted complete-covariate complete case,"Profile 5–3 difference, pp (95% CI)",YES,0.23 (-0.19 to 0.65),0.23 (-0.19 to 0.65),PASS,release/v1.0.0/stage6/tables/manuscript_table_3.csv,
manuscript,manuscript_table_3.csv,3,6,4,Unweighted complete-covariate complete case,Contrast P,YES,0.276,0.276,PASS,release/v1.0.0/stage6/tables/manuscript_table_3.csv,
manuscript,manuscript_table_3.csv,3,7,0,2025 ONC responses only,Analysis,NO,2025 ONC responses only,2025 ONC responses only,PASS,release/v1.0.0/stage6/tables/manuscript_table_3.csv,
manuscript,manuscript_table_3.csv,3,7,1,2025 ONC responses only,Global χ² (df),YES,31.04 (5),31.04 (5),PASS,release/v1.0.0/stage6/tables/manuscript_table_3.csv,
manuscript,manuscript_table_3.csv,3,7,2,2025 ONC responses only,Global P,YES,<.001,<.001,PASS,release/v1.0.0/stage6/tables/manuscript_table_3.csv,
manuscript,manuscript_table_3.csv,3,7,3,2025 ONC responses only,"Profile 5–3 difference, pp (95% CI)",YES,0.34 (-0.11 to 0.80),0.34 (-0.11 to 0.80),PASS,release/v1.0.0/stage6/tables/manuscript_table_3.csv,
manuscript,manuscript_table_3.csv,3,7,4,2025 ONC responses only,Contrast P,YES,0.139,0.139,PASS,release/v1.0.0/stage6/tables/manuscript_table_3.csv,
manuscript,manuscript_table_3.csv,3,8,0,Exclude all-zero coded profile,Analysis,NO,Exclude all-zero coded profile,Exclude all-zero coded profile,PASS,release/v1.0.0/stage6/tables/manuscript_table_3.csv,
manuscript,manuscript_table_3.csv,3,8,1,Exclude all-zero coded profile,Global χ² (df),YES,26.34 (4),26.34 (4),PASS,release/v1.0.0/stage6/tables/manuscript_table_3.csv,
manuscript,manuscript_table_3.csv,3,8,2,Exclude all-zero coded profile,Global P,YES,<.001,<.001,PASS,release/v1.0.0/stage6/tables/manuscript_table_3.csv,
manuscript,manuscript_table_3.csv,3,8,3,Exclude all-zero coded profile,"Profile 5–3 difference, pp (95% CI)",YES,0.25 (-0.18 to 0.67),0.25 (-0.18 to 0.67),PASS,release/v1.0.0/stage6/tables/manuscript_table_3.csv,
manuscript,manuscript_table_3.csv,3,8,4,Exclude all-zero coded profile,Contrast P,YES,0.251,0.251,PASS,release/v1.0.0/stage6/tables/manuscript_table_3.csv,
supplement,supplement_table_S1.csv,1,0,0,Bits,Bits,NO,Bits,Bits,PASS,release/v1.0.0/stage6/tables/supplement_table_S1.csv,
supplement,supplement_table_S1.csv,1,0,1,Bits,Hospital group,NO,Hospital group,Hospital group,PASS,release/v1.0.0/stage6/tables/supplement_table_S1.csv,
supplement,supplement_table_S1.csv,1,0,2,Bits,Source N,NO,Source N,Source N,PASS,release/v1.0.0/stage6/tables/supplement_table_S1.csv,
supplement,supplement_table_S1.csv,1,0,3,Bits,Outcome N,NO,Outcome N,Outcome N,PASS,release/v1.0.0/stage6/tables/supplement_table_S1.csv,
supplement,supplement_table_S1.csv,1,0,4,Bits,"Outcome available, %",NO,"Outcome available, %","Outcome available, %",PASS,release/v1.0.0/stage6/tables/supplement_table_S1.csv,
supplement,supplement_table_S1.csv,1,0,5,Bits,Unadjusted mean,NO,Unadjusted mean,Unadjusted mean,PASS,release/v1.0.0/stage6/tables/supplement_table_S1.csv,
supplement,supplement_table_S1.csv,1,0,6,Bits,SD,NO,SD,SD,PASS,release/v1.0.0/stage6/tables/supplement_table_S1.csv,
supplement,supplement_table_S1.csv,1,1,0,0000,Bits,NO,0000,0000,PASS,release/v1.0.0/stage6/tables/supplement_table_S1.csv,
supplement,supplement_table_S1.csv,1,1,1,0000,Hospital group,NO,All,All,PASS,release/v1.0.0/stage6/tables/supplement_table_S1.csv,
supplement,supplement_table_S1.csv,1,1,2,0000,Source N,YES,123,123,PASS,release/v1.0.0/stage6/tables/supplement_table_S1.csv,
supplement,supplement_table_S1.csv,1,1,3,0000,Outcome N,YES,89,89,PASS,release/v1.0.0/stage6/tables/supplement_table_S1.csv,
supplement,supplement_table_S1.csv,1,1,4,0000,"Outcome available, %",YES,72.4,72.4,PASS,release/v1.0.0/stage6/tables/supplement_table_S1.csv,
supplement,supplement_table_S1.csv,1,1,5,0000,Unadjusted mean,YES,87.13,87.13,PASS,release/v1.0.0/stage6/tables/supplement_table_S1.csv,
supplement,supplement_table_S1.csv,1,1,6,0000,SD,YES,4.84,4.84,PASS,release/v1.0.0/stage6/tables/supplement_table_S1.csv,
supplement,supplement_table_S1.csv,1,2,0,0000,Bits,NO,0000,0000,PASS,release/v1.0.0/stage6/tables/supplement_table_S1.csv,
supplement,supplement_table_S1.csv,1,2,1,0000,Hospital group,NO,Acute Care,Acute Care,PASS,release/v1.0.0/stage6/tables/supplement_table_S1.csv,
supplement,supplement_table_S1.csv,1,2,2,0000,Source N,YES,58,58,PASS,release/v1.0.0/stage6/tables/supplement_table_S1.csv,
supplement,supplement_table_S1.csv,1,2,3,0000,Outcome N,YES,54,54,PASS,release/v1.0.0/stage6/tables/supplement_table_S1.csv,
supplement,supplement_table_S1.csv,1,2,4,0000,"Outcome available, %",YES,93.1,93.1,PASS,release/v1.0.0/stage6/tables/supplement_table_S1.csv,
supplement,supplement_table_S1.csv,1,2,5,0000,Unadjusted mean,YES,85.87,85.87,PASS,release/v1.0.0/stage6/tables/supplement_table_S1.csv,
supplement,supplement_table_S1.csv,1,2,6,0000,SD,YES,4.73,4.73,PASS,release/v1.0.0/stage6/tables/supplement_table_S1.csv,
supplement,supplement_table_S1.csv,1,3,0,0000,Bits,NO,0000,0000,PASS,release/v1.0.0/stage6/tables/supplement_table_S1.csv,
supplement,supplement_table_S1.csv,1,3,1,0000,Hospital group,NO,Critical Access,Critical Access,PASS,release/v1.0.0/stage6/tables/supplement_table_S1.csv,
supplement,supplement_table_S1.csv,1,3,2,0000,Source N,YES,65,65,PASS,release/v1.0.0/stage6/tables/supplement_table_S1.csv,
supplement,supplement_table_S1.csv,1,3,3,0000,Outcome N,YES,35,35,PASS,release/v1.0.0/stage6/tables/supplement_table_S1.csv,
supplement,supplement_table_S1.csv,1,3,4,0000,"Outcome available, %",YES,53.8,53.8,PASS,release/v1.0.0/stage6/tables/supplement_table_S1.csv,
supplement,supplement_table_S1.csv,1,3,5,0000,Unadjusted mean,YES,89.09,89.09,PASS,release/v1.0.0/stage6/tables/supplement_table_S1.csv,
supplement,supplement_table_S1.csv,1,3,6,0000,SD,YES,4.39,4.39,PASS,release/v1.0.0/stage6/tables/supplement_table_S1.csv,
supplement,supplement_table_S1.csv,1,4,0,0001,Bits,NO,0001,0001,PASS,release/v1.0.0/stage6/tables/supplement_table_S1.csv,
supplement,supplement_table_S1.csv,1,4,1,0001,Hospital group,NO,All,All,PASS,release/v1.0.0/stage6/tables/supplement_table_S1.csv,
supplement,supplement_table_S1.csv,1,4,2,0001,Source N,YES,2,2,PASS,release/v1.0.0/stage6/tables/supplement_table_S1.csv,
supplement,supplement_table_S1.csv,1,4,3,0001,Outcome N,YES,2,2,PASS,release/v1.0.0/stage6/tables/supplement_table_S1.csv,
supplement,supplement_table_S1.csv,1,4,4,0001,"Outcome available, %",YES,100.0,100.0,PASS,release/v1.0.0/stage6/tables/supplement_table_S1.csv,
supplement,supplement_table_S1.csv,1,4,5,0001,Unadjusted mean,YES,83.00,83.00,PASS,release/v1.0.0/stage6/tables/supplement_table_S1.csv,
supplement,supplement_table_S1.csv,1,4,6,0001,SD,YES,0.00,0.00,PASS,release/v1.0.0/stage6/tables/supplement_table_S1.csv,
supplement,supplement_table_S1.csv,1,5,0,0001,Bits,NO,0001,0001,PASS,release/v1.0.0/stage6/tables/supplement_table_S1.csv,
supplement,supplement_table_S1.csv,1,5,1,0001,Hospital group,NO,Acute Care,Acute Care,PASS,release/v1.0.0/stage6/tables/supplement_table_S1.csv,
supplement,supplement_table_S1.csv,1,5,2,0001,Source N,YES,2,2,PASS,release/v1.0.0/stage6/tables/supplement_table_S1.csv,
supplement,supplement_table_S1.csv,1,5,3,0001,Outcome N,YES,2,2,PASS,release/v1.0.0/stage6/tables/supplement_table_S1.csv,
supplement,supplement_table_S1.csv,1,5,4,0001,"Outcome available, %",YES,100.0,100.0,PASS,release/v1.0.0/stage6/tables/supplement_table_S1.csv,
supplement,supplement_table_S1.csv,1,5,5,0001,Unadjusted mean,YES,83.00,83.00,PASS,release/v1.0.0/stage6/tables/supplement_table_S1.csv,
supplement,supplement_table_S1.csv,1,5,6,0001,SD,YES,0.00,0.00,PASS,release/v1.0.0/stage6/tables/supplement_table_S1.csv,
supplement,supplement_table_S1.csv,1,6,0,0001,Bits,NO,0001,0001,PASS,release/v1.0.0/stage6/tables/supplement_table_S1.csv,
supplement,supplement_table_S1.csv,1,6,1,0001,Hospital group,NO,Critical Access,Critical Access,PASS,release/v1.0.0/stage6/tables/supplement_table_S1.csv,
supplement,supplement_table_S1.csv,1,6,2,0001,Source N,YES,0,0,PASS,release/v1.0.0/stage6/tables/supplement_table_S1.csv,
supplement,supplement_table_S1.csv,1,6,3,0001,Outcome N,YES,0,0,PASS,release/v1.0.0/stage6/tables/supplement_table_S1.csv,
supplement,supplement_table_S1.csv,1,6,4,0001,"Outcome available, %",YES,—,—,PASS,release/v1.0.0/stage6/tables/supplement_table_S1.csv,
supplement,supplement_table_S1.csv,1,6,5,0001,Unadjusted mean,YES,—,—,PASS,release/v1.0.0/stage6/tables/supplement_table_S1.csv,
supplement,supplement_table_S1.csv,1,6,6,0001,SD,YES,—,—,PASS,release/v1.0.0/stage6/tables/supplement_table_S1.csv,
supplement,supplement_table_S1.csv,1,7,0,0010,Bits,NO,0010,0010,PASS,release/v1.0.0/stage6/tables/supplement_table_S1.csv,
supplement,supplement_table_S1.csv,1,7,1,0010,Hospital group,NO,All,All,PASS,release/v1.0.0/stage6/tables/supplement_table_S1.csv,
supplement,supplement_table_S1.csv,1,7,2,0010,Source N,YES,40,40,PASS,release/v1.0.0/stage6/tables/supplement_table_S1.csv,
supplement,supplement_table_S1.csv,1,7,3,0010,Outcome N,YES,30,30,PASS,release/v1.0.0/stage6/tables/supplement_table_S1.csv,
supplement,supplement_table_S1.csv,1,7,4,0010,"Outcome available, %",YES,75.0,75.0,PASS,release/v1.0.0/stage6/tables/supplement_table_S1.csv,
supplement,supplement_table_S1.csv,1,7,5,0010,Unadjusted mean,YES,86.27,86.27,PASS,release/v1.0.0/stage6/tables/supplement_table_S1.csv,
supplement,supplement_table_S1.csv,1,7,6,0010,SD,YES,4.50,4.50,PASS,release/v1.0.0/stage6/tables/supplement_table_S1.csv,
supplement,supplement_table_S1.csv,1,8,0,0010,Bits,NO,0010,0010,PASS,release/v1.0.0/stage6/tables/supplement_table_S1.csv,
supplement,supplement_table_S1.csv,1,8,1,0010,Hospital group,NO,Acute Care,Acute Care,PASS,release/v1.0.0/stage6/tables/supplement_table_S1.csv,
supplement,supplement_table_S1.csv,1,8,2,0010,Source N,YES,17,17,PASS,release/v1.0.0/stage6/tables/supplement_table_S1.csv,
supplement,supplement_table_S1.csv,1,8,3,0010,Outcome N,YES,16,16,PASS,release/v1.0.0/stage6/tables/supplement_table_S1.csv,
supplement,supplement_table_S1.csv,1,8,4,0010,"Outcome available, %",YES,94.1,94.1,PASS,release/v1.0.0/stage6/tables/supplement_table_S1.csv,
supplement,supplement_table_S1.csv,1,8,5,0010,Unadjusted mean,YES,84.31,84.31,PASS,release/v1.0.0/stage6/tables/supplement_table_S1.csv,
supplement,supplement_table_S1.csv,1,8,6,0010,SD,YES,4.59,4.59,PASS,release/v1.0.0/stage6/tables/supplement_table_S1.csv,
supplement,supplement_table_S1.csv,1,9,0,0010,Bits,NO,0010,0010,PASS,release/v1.0.0/stage6/tables/supplement_table_S1.csv,
supplement,supplement_table_S1.csv,1,9,1,0010,Hospital group,NO,Critical Access,Critical Access,PASS,release/v1.0.0/stage6/tables/supplement_table_S1.csv,
supplement,supplement_table_S1.csv,1,9,2,0010,Source N,YES,23,23,PASS,release/v1.0.0/stage6/tables/supplement_table_S1.csv,
supplement,supplement_table_S1.csv,1,9,3,0010,Outcome N,YES,14,14,PASS,release/v1.0.0/stage6/tables/supplement_table_S1.csv,
supplement,supplement_table_S1.csv,1,9,4,0010,"Outcome available, %",YES,60.9,60.9,PASS,release/v1.0.0/stage6/tables/supplement_table_S1.csv,
supplement,supplement_table_S1.csv,1,9,5,0010,Unadjusted mean,YES,88.50,88.50,PASS,release/v1.0.0/stage6/tables/supplement_table_S1.csv,
supplement,supplement_table_S1.csv,1,9,6,0010,SD,YES,3.30,3.30,PASS,release/v1.0.0/stage6/tables/supplement_table_S1.csv,
supplement,supplement_table_S1.csv,1,10,0,0011,Bits,NO,0011,0011,PASS,release/v1.0.0/stage6/tables/supplement_table_S1.csv,
supplement,supplement_table_S1.csv,1,10,1,0011,Hospital group,NO,All,All,PASS,release/v1.0.0/stage6/tables/supplement_table_S1.csv,
supplement,supplement_table_S1.csv,1,10,2,0011,Source N,YES,15,15,PASS,release/v1.0.0/stage6/tables/supplement_table_S1.csv,
supplement,supplement_table_S1.csv,1,10,3,0011,Outcome N,YES,13,13,PASS,release/v1.0.0/stage6/tables/supplement_table_S1.csv,
supplement,supplement_table_S1.csv,1,10,4,0011,"Outcome available, %",YES,86.7,86.7,PASS,release/v1.0.0/stage6/tables/supplement_table_S1.csv,
supplement,supplement_table_S1.csv,1,10,5,0011,Unadjusted mean,YES,84.54,84.54,PASS,release/v1.0.0/stage6/tables/supplement_table_S1.csv,
supplement,supplement_table_S1.csv,1,10,6,0011,SD,YES,4.65,4.65,PASS,release/v1.0.0/stage6/tables/supplement_table_S1.csv,
supplement,supplement_table_S1.csv,1,11,0,0011,Bits,NO,0011,0011,PASS,release/v1.0.0/stage6/tables/supplement_table_S1.csv,
supplement,supplement_table_S1.csv,1,11,1,0011,Hospital group,NO,Acute Care,Acute Care,PASS,release/v1.0.0/stage6/tables/supplement_table_S1.csv,
supplement,supplement_table_S1.csv,1,11,2,0011,Source N,YES,11,11,PASS,release/v1.0.0/stage6/tables/supplement_table_S1.csv,
supplement,supplement_table_S1.csv,1,11,3,0011,Outcome N,YES,11,11,PASS,release/v1.0.0/stage6/tables/supplement_table_S1.csv,
supplement,supplement_table_S1.csv,1,11,4,0011,"Outcome available, %",YES,100.0,100.0,PASS,release/v1.0.0/stage6/tables/supplement_table_S1.csv,
supplement,supplement_table_S1.csv,1,11,5,0011,Unadjusted mean,YES,83.73,83.73,PASS,release/v1.0.0/stage6/tables/supplement_table_S1.csv,
supplement,supplement_table_S1.csv,1,11,6,0011,SD,YES,4.52,4.52,PASS,release/v1.0.0/stage6/tables/supplement_table_S1.csv,
supplement,supplement_table_S1.csv,1,12,0,0011,Bits,NO,0011,0011,PASS,release/v1.0.0/stage6/tables/supplement_table_S1.csv,
supplement,supplement_table_S1.csv,1,12,1,0011,Hospital group,NO,Critical Access,Critical Access,PASS,release/v1.0.0/stage6/tables/supplement_table_S1.csv,
supplement,supplement_table_S1.csv,1,12,2,0011,Source N,YES,4,4,PASS,release/v1.0.0/stage6/tables/supplement_table_S1.csv,
supplement,supplement_table_S1.csv,1,12,3,0011,Outcome N,YES,2,2,PASS,release/v1.0.0/stage6/tables/supplement_table_S1.csv,
supplement,supplement_table_S1.csv,1,12,4,0011,"Outcome available, %",YES,50.0,50.0,PASS,release/v1.0.0/stage6/tables/supplement_table_S1.csv,
supplement,supplement_table_S1.csv,1,12,5,0011,Unadjusted mean,YES,89.00,89.00,PASS,release/v1.0.0/stage6/tables/supplement_table_S1.csv,
supplement,supplement_table_S1.csv,1,12,6,0011,SD,YES,2.83,2.83,PASS,release/v1.0.0/stage6/tables/supplement_table_S1.csv,
supplement,supplement_table_S1.csv,1,13,0,0100,Bits,NO,0100,0100,PASS,release/v1.0.0/stage6/tables/supplement_table_S1.csv,
supplement,supplement_table_S1.csv,1,13,1,0100,Hospital group,NO,All,All,PASS,release/v1.0.0/stage6/tables/supplement_table_S1.csv,
supplement,supplement_table_S1.csv,1,13,2,0100,Source N,YES,54,54,PASS,release/v1.0.0/stage6/tables/supplement_table_S1.csv,
supplement,supplement_table_S1.csv,1,13,3,0100,Outcome N,YES,41,41,PASS,release/v1.0.0/stage6/tables/supplement_table_S1.csv,
supplement,supplement_table_S1.csv,1,13,4,0100,"Outcome available, %",YES,75.9,75.9,PASS,release/v1.0.0/stage6/tables/supplement_table_S1.csv,
supplement,supplement_table_S1.csv,1,13,5,0100,Unadjusted mean,YES,85.83,85.83,PASS,release/v1.0.0/stage6/tables/supplement_table_S1.csv,
supplement,supplement_table_S1.csv,1,13,6,0100,SD,YES,4.64,4.64,PASS,release/v1.0.0/stage6/tables/supplement_table_S1.csv,
supplement,supplement_table_S1.csv,1,14,0,0100,Bits,NO,0100,0100,PASS,release/v1.0.0/stage6/tables/supplement_table_S1.csv,
supplement,supplement_table_S1.csv,1,14,1,0100,Hospital group,NO,Acute Care,Acute Care,PASS,release/v1.0.0/stage6/tables/supplement_table_S1.csv,
supplement,supplement_table_S1.csv,1,14,2,0100,Source N,YES,29,29,PASS,release/v1.0.0/stage6/tables/supplement_table_S1.csv,
supplement,supplement_table_S1.csv,1,14,3,0100,Outcome N,YES,28,28,PASS,release/v1.0.0/stage6/tables/supplement_table_S1.csv,
supplement,supplement_table_S1.csv,1,14,4,0100,"Outcome available, %",YES,96.6,96.6,PASS,release/v1.0.0/stage6/tables/supplement_table_S1.csv,
supplement,supplement_table_S1.csv,1,14,5,0100,Unadjusted mean,YES,84.68,84.68,PASS,release/v1.0.0/stage6/tables/supplement_table_S1.csv,
supplement,supplement_table_S1.csv,1,14,6,0100,SD,YES,3.65,3.65,PASS,release/v1.0.0/stage6/tables/supplement_table_S1.csv,
supplement,supplement_table_S1.csv,1,15,0,0100,Bits,NO,0100,0100,PASS,release/v1.0.0/stage6/tables/supplement_table_S1.csv,
supplement,supplement_table_S1.csv,1,15,1,0100,Hospital group,NO,Critical Access,Critical Access,PASS,release/v1.0.0/stage6/tables/supplement_table_S1.csv,
supplement,supplement_table_S1.csv,1,15,2,0100,Source N,YES,25,25,PASS,release/v1.0.0/stage6/tables/supplement_table_S1.csv,
supplement,supplement_table_S1.csv,1,15,3,0100,Outcome N,YES,13,13,PASS,release/v1.0.0/stage6/tables/supplement_table_S1.csv,
supplement,supplement_table_S1.csv,1,15,4,0100,"Outcome available, %",YES,52.0,52.0,PASS,release/v1.0.0/stage6/tables/supplement_table_S1.csv,
supplement,supplement_table_S1.csv,1,15,5,0100,Unadjusted mean,YES,88.31,88.31,PASS,release/v1.0.0/stage6/tables/supplement_table_S1.csv,
supplement,supplement_table_S1.csv,1,15,6,0100,SD,YES,5.65,5.65,PASS,release/v1.0.0/stage6/tables/supplement_table_S1.csv,
supplement,supplement_table_S1.csv,1,16,0,0101,Bits,NO,0101,0101,PASS,release/v1.0.0/stage6/tables/supplement_table_S1.csv,
supplement,supplement_table_S1.csv,1,16,1,0101,Hospital group,NO,All,All,PASS,release/v1.0.0/stage6/tables/supplement_table_S1.csv,
supplement,supplement_table_S1.csv,1,16,2,0101,Source N,YES,85,85,PASS,release/v1.0.0/stage6/tables/supplement_table_S1.csv,
supplement,supplement_table_S1.csv,1,16,3,0101,Outcome N,YES,83,83,PASS,release/v1.0.0/stage6/tables/supplement_table_S1.csv,
supplement,supplement_table_S1.csv,1,16,4,0101,"Outcome available, %",YES,97.6,97.6,PASS,release/v1.0.0/stage6/tables/supplement_table_S1.csv,
supplement,supplement_table_S1.csv,1,16,5,0101,Unadjusted mean,YES,83.47,83.47,PASS,release/v1.0.0/stage6/tables/supplement_table_S1.csv,
supplement,supplement_table_S1.csv,1,16,6,0101,SD,YES,3.69,3.69,PASS,release/v1.0.0/stage6/tables/supplement_table_S1.csv,
supplement,supplement_table_S1.csv,1,17,0,0101,Bits,NO,0101,0101,PASS,release/v1.0.0/stage6/tables/supplement_table_S1.csv,
supplement,supplement_table_S1.csv,1,17,1,0101,Hospital group,NO,Acute Care,Acute Care,PASS,release/v1.0.0/stage6/tables/supplement_table_S1.csv,
supplement,supplement_table_S1.csv,1,17,2,0101,Source N,YES,80,80,PASS,release/v1.0.0/stage6/tables/supplement_table_S1.csv,
supplement,supplement_table_S1.csv,1,17,3,0101,Outcome N,YES,79,79,PASS,release/v1.0.0/stage6/tables/supplement_table_S1.csv,
supplement,supplement_table_S1.csv,1,17,4,0101,"Outcome available, %",YES,98.8,98.8,PASS,release/v1.0.0/stage6/tables/supplement_table_S1.csv,
supplement,supplement_table_S1.csv,1,17,5,0101,Unadjusted mean,YES,83.05,83.05,PASS,release/v1.0.0/stage6/tables/supplement_table_S1.csv,
supplement,supplement_table_S1.csv,1,17,6,0101,SD,YES,3.24,3.24,PASS,release/v1.0.0/stage6/tables/supplement_table_S1.csv,
supplement,supplement_table_S1.csv,1,18,0,0101,Bits,NO,0101,0101,PASS,release/v1.0.0/stage6/tables/supplement_table_S1.csv,
supplement,supplement_table_S1.csv,1,18,1,0101,Hospital group,NO,Critical Access,Critical Access,PASS,release/v1.0.0/stage6/tables/supplement_table_S1.csv,
supplement,supplement_table_S1.csv,1,18,2,0101,Source N,YES,5,5,PASS,release/v1.0.0/stage6/tables/supplement_table_S1.csv,
supplement,supplement_table_S1.csv,1,18,3,0101,Outcome N,YES,4,4,PASS,release/v1.0.0/stage6/tables/supplement_table_S1.csv,
supplement,supplement_table_S1.csv,1,18,4,0101,"Outcome available, %",YES,80.0,80.0,PASS,release/v1.0.0/stage6/tables/supplement_table_S1.csv,
supplement,supplement_table_S1.csv,1,18,5,0101,Unadjusted mean,YES,91.75,91.75,PASS,release/v1.0.0/stage6/tables/supplement_table_S1.csv,
supplement,supplement_table_S1.csv,1,18,6,0101,SD,YES,1.71,1.71,PASS,release/v1.0.0/stage6/tables/supplement_table_S1.csv,
supplement,supplement_table_S1.csv,1,19,0,0110,Bits,NO,0110,0110,PASS,release/v1.0.0/stage6/tables/supplement_table_S1.csv,
supplement,supplement_table_S1.csv,1,19,1,0110,Hospital group,NO,All,All,PASS,release/v1.0.0/stage6/tables/supplement_table_S1.csv,
supplement,supplement_table_S1.csv,1,19,2,0110,Source N,YES,79,79,PASS,release/v1.0.0/stage6/tables/supplement_table_S1.csv,
supplement,supplement_table_S1.csv,1,19,3,0110,Outcome N,YES,77,77,PASS,release/v1.0.0/stage6/tables/supplement_table_S1.csv,
supplement,supplement_table_S1.csv,1,19,4,0110,"Outcome available, %",YES,97.5,97.5,PASS,release/v1.0.0/stage6/tables/supplement_table_S1.csv,
supplement,supplement_table_S1.csv,1,19,5,0110,Unadjusted mean,YES,87.70,87.70,PASS,release/v1.0.0/stage6/tables/supplement_table_S1.csv,
supplement,supplement_table_S1.csv,1,19,6,0110,SD,YES,3.46,3.46,PASS,release/v1.0.0/stage6/tables/supplement_table_S1.csv,
supplement,supplement_table_S1.csv,1,20,0,0110,Bits,NO,0110,0110,PASS,release/v1.0.0/stage6/tables/supplement_table_S1.csv,
supplement,supplement_table_S1.csv,1,20,1,0110,Hospital group,NO,Acute Care,Acute Care,PASS,release/v1.0.0/stage6/tables/supplement_table_S1.csv,
supplement,supplement_table_S1.csv,1,20,2,0110,Source N,YES,58,58,PASS,release/v1.0.0/stage6/tables/supplement_table_S1.csv,
supplement,supplement_table_S1.csv,1,20,3,0110,Outcome N,YES,58,58,PASS,release/v1.0.0/stage6/tables/supplement_table_S1.csv,
supplement,supplement_table_S1.csv,1,20,4,0110,"Outcome available, %",YES,100.0,100.0,PASS,release/v1.0.0/stage6/tables/supplement_table_S1.csv,
supplement,supplement_table_S1.csv,1,20,5,0110,Unadjusted mean,YES,86.66,86.66,PASS,release/v1.0.0/stage6/tables/supplement_table_S1.csv,
supplement,supplement_table_S1.csv,1,20,6,0110,SD,YES,2.54,2.54,PASS,release/v1.0.0/stage6/tables/supplement_table_S1.csv,
supplement,supplement_table_S1.csv,1,21,0,0110,Bits,NO,0110,0110,PASS,release/v1.0.0/stage6/tables/supplement_table_S1.csv,
supplement,supplement_table_S1.csv,1,21,1,0110,Hospital group,NO,Critical Access,Critical Access,PASS,release/v1.0.0/stage6/tables/supplement_table_S1.csv,
supplement,supplement_table_S1.csv,1,21,2,0110,Source N,YES,21,21,PASS,release/v1.0.0/stage6/tables/supplement_table_S1.csv,
supplement,supplement_table_S1.csv,1,21,3,0110,Outcome N,YES,19,19,PASS,release/v1.0.0/stage6/tables/supplement_table_S1.csv,
supplement,supplement_table_S1.csv,1,21,4,0110,"Outcome available, %",YES,90.5,90.5,PASS,release/v1.0.0/stage6/tables/supplement_table_S1.csv,
supplement,supplement_table_S1.csv,1,21,5,0110,Unadjusted mean,YES,90.89,90.89,PASS,release/v1.0.0/stage6/tables/supplement_table_S1.csv,
supplement,supplement_table_S1.csv,1,21,6,0110,SD,YES,3.97,3.97,PASS,release/v1.0.0/stage6/tables/supplement_table_S1.csv,
supplement,supplement_table_S1.csv,1,22,0,0111,Bits,NO,0111,0111,PASS,release/v1.0.0/stage6/tables/supplement_table_S1.csv,
supplement,supplement_table_S1.csv,1,22,1,0111,Hospital group,NO,All,All,PASS,release/v1.0.0/stage6/tables/supplement_table_S1.csv,
supplement,supplement_table_S1.csv,1,22,2,0111,Source N,YES,40,40,PASS,release/v1.0.0/stage6/tables/supplement_table_S1.csv,
supplement,supplement_table_S1.csv,1,22,3,0111,Outcome N,YES,39,39,PASS,release/v1.0.0/stage6/tables/supplement_table_S1.csv,
supplement,supplement_table_S1.csv,1,22,4,0111,"Outcome available, %",YES,97.5,97.5,PASS,release/v1.0.0/stage6/tables/supplement_table_S1.csv,
supplement,supplement_table_S1.csv,1,22,5,0111,Unadjusted mean,YES,86.67,86.67,PASS,release/v1.0.0/stage6/tables/supplement_table_S1.csv,
supplement,supplement_table_S1.csv,1,22,6,0111,SD,YES,3.49,3.49,PASS,release/v1.0.0/stage6/tables/supplement_table_S1.csv,
supplement,supplement_table_S1.csv,1,23,0,0111,Bits,NO,0111,0111,PASS,release/v1.0.0/stage6/tables/supplement_table_S1.csv,
supplement,supplement_table_S1.csv,1,23,1,0111,Hospital group,NO,Acute Care,Acute Care,PASS,release/v1.0.0/stage6/tables/supplement_table_S1.csv,
supplement,supplement_table_S1.csv,1,23,2,0111,Source N,YES,30,30,PASS,release/v1.0.0/stage6/tables/supplement_table_S1.csv,
supplement,supplement_table_S1.csv,1,23,3,0111,Outcome N,YES,30,30,PASS,release/v1.0.0/stage6/tables/supplement_table_S1.csv,
supplement,supplement_table_S1.csv,1,23,4,0111,"Outcome available, %",YES,100.0,100.0,PASS,release/v1.0.0/stage6/tables/supplement_table_S1.csv,
supplement,supplement_table_S1.csv,1,23,5,0111,Unadjusted mean,YES,85.83,85.83,PASS,release/v1.0.0/stage6/tables/supplement_table_S1.csv,
supplement,supplement_table_S1.csv,1,23,6,0111,SD,YES,2.49,2.49,PASS,release/v1.0.0/stage6/tables/supplement_table_S1.csv,
supplement,supplement_table_S1.csv,1,24,0,0111,Bits,NO,0111,0111,PASS,release/v1.0.0/stage6/tables/supplement_table_S1.csv,
supplement,supplement_table_S1.csv,1,24,1,0111,Hospital group,NO,Critical Access,Critical Access,PASS,release/v1.0.0/stage6/tables/supplement_table_S1.csv,
supplement,supplement_table_S1.csv,1,24,2,0111,Source N,YES,10,10,PASS,release/v1.0.0/stage6/tables/supplement_table_S1.csv,
supplement,supplement_table_S1.csv,1,24,3,0111,Outcome N,YES,9,9,PASS,release/v1.0.0/stage6/tables/supplement_table_S1.csv,
supplement,supplement_table_S1.csv,1,24,4,0111,"Outcome available, %",YES,90.0,90.0,PASS,release/v1.0.0/stage6/tables/supplement_table_S1.csv,
supplement,supplement_table_S1.csv,1,24,5,0111,Unadjusted mean,YES,89.44,89.44,PASS,release/v1.0.0/stage6/tables/supplement_table_S1.csv,
supplement,supplement_table_S1.csv,1,24,6,0111,SD,YES,4.90,4.90,PASS,release/v1.0.0/stage6/tables/supplement_table_S1.csv,
supplement,supplement_table_S1.csv,1,25,0,1000,Bits,NO,1000,1000,PASS,release/v1.0.0/stage6/tables/supplement_table_S1.csv,
supplement,supplement_table_S1.csv,1,25,1,1000,Hospital group,NO,All,All,PASS,release/v1.0.0/stage6/tables/supplement_table_S1.csv,
supplement,supplement_table_S1.csv,1,25,2,1000,Source N,YES,218,218,PASS,release/v1.0.0/stage6/tables/supplement_table_S1.csv,
supplement,supplement_table_S1.csv,1,25,3,1000,Outcome N,YES,187,187,PASS,release/v1.0.0/stage6/tables/supplement_table_S1.csv,
supplement,supplement_table_S1.csv,1,25,4,1000,"Outcome available, %",YES,85.8,85.8,PASS,release/v1.0.0/stage6/tables/supplement_table_S1.csv,
supplement,supplement_table_S1.csv,1,25,5,1000,Unadjusted mean,YES,84.91,84.91,PASS,release/v1.0.0/stage6/tables/supplement_table_S1.csv,
supplement,supplement_table_S1.csv,1,25,6,1000,SD,YES,5.97,5.97,PASS,release/v1.0.0/stage6/tables/supplement_table_S1.csv,
supplement,supplement_table_S1.csv,1,26,0,1000,Bits,NO,1000,1000,PASS,release/v1.0.0/stage6/tables/supplement_table_S1.csv,
supplement,supplement_table_S1.csv,1,26,1,1000,Hospital group,NO,Acute Care,Acute Care,PASS,release/v1.0.0/stage6/tables/supplement_table_S1.csv,
supplement,supplement_table_S1.csv,1,26,2,1000,Source N,YES,138,138,PASS,release/v1.0.0/stage6/tables/supplement_table_S1.csv,
supplement,supplement_table_S1.csv,1,26,3,1000,Outcome N,YES,138,138,PASS,release/v1.0.0/stage6/tables/supplement_table_S1.csv,
supplement,supplement_table_S1.csv,1,26,4,1000,"Outcome available, %",YES,100.0,100.0,PASS,release/v1.0.0/stage6/tables/supplement_table_S1.csv,
supplement,supplement_table_S1.csv,1,26,5,1000,Unadjusted mean,YES,83.38,83.38,PASS,release/v1.0.0/stage6/tables/supplement_table_S1.csv,
supplement,supplement_table_S1.csv,1,26,6,1000,SD,YES,5.56,5.56,PASS,release/v1.0.0/stage6/tables/supplement_table_S1.csv,
supplement,supplement_table_S1.csv,1,27,0,1000,Bits,NO,1000,1000,PASS,release/v1.0.0/stage6/tables/supplement_table_S1.csv,
supplement,supplement_table_S1.csv,1,27,1,1000,Hospital group,NO,Critical Access,Critical Access,PASS,release/v1.0.0/stage6/tables/supplement_table_S1.csv,
supplement,supplement_table_S1.csv,1,27,2,1000,Source N,YES,80,80,PASS,release/v1.0.0/stage6/tables/supplement_table_S1.csv,
supplement,supplement_table_S1.csv,1,27,3,1000,Outcome N,YES,49,49,PASS,release/v1.0.0/stage6/tables/supplement_table_S1.csv,
supplement,supplement_table_S1.csv,1,27,4,1000,"Outcome available, %",YES,61.2,61.2,PASS,release/v1.0.0/stage6/tables/supplement_table_S1.csv,
supplement,supplement_table_S1.csv,1,27,5,1000,Unadjusted mean,YES,89.22,89.22,PASS,release/v1.0.0/stage6/tables/supplement_table_S1.csv,
supplement,supplement_table_S1.csv,1,27,6,1000,SD,YES,4.92,4.92,PASS,release/v1.0.0/stage6/tables/supplement_table_S1.csv,
supplement,supplement_table_S1.csv,1,28,0,1001,Bits,NO,1001,1001,PASS,release/v1.0.0/stage6/tables/supplement_table_S1.csv,
supplement,supplement_table_S1.csv,1,28,1,1001,Hospital group,NO,All,All,PASS,release/v1.0.0/stage6/tables/supplement_table_S1.csv,
supplement,supplement_table_S1.csv,1,28,2,1001,Source N,YES,29,29,PASS,release/v1.0.0/stage6/tables/supplement_table_S1.csv,
supplement,supplement_table_S1.csv,1,28,3,1001,Outcome N,YES,25,25,PASS,release/v1.0.0/stage6/tables/supplement_table_S1.csv,
supplement,supplement_table_S1.csv,1,28,4,1001,"Outcome available, %",YES,86.2,86.2,PASS,release/v1.0.0/stage6/tables/supplement_table_S1.csv,
supplement,supplement_table_S1.csv,1,28,5,1001,Unadjusted mean,YES,86.92,86.92,PASS,release/v1.0.0/stage6/tables/supplement_table_S1.csv,
supplement,supplement_table_S1.csv,1,28,6,1001,SD,YES,4.28,4.28,PASS,release/v1.0.0/stage6/tables/supplement_table_S1.csv,
supplement,supplement_table_S1.csv,1,29,0,1001,Bits,NO,1001,1001,PASS,release/v1.0.0/stage6/tables/supplement_table_S1.csv,
supplement,supplement_table_S1.csv,1,29,1,1001,Hospital group,NO,Acute Care,Acute Care,PASS,release/v1.0.0/stage6/tables/supplement_table_S1.csv,
supplement,supplement_table_S1.csv,1,29,2,1001,Source N,YES,15,15,PASS,release/v1.0.0/stage6/tables/supplement_table_S1.csv,
supplement,supplement_table_S1.csv,1,29,3,1001,Outcome N,YES,15,15,PASS,release/v1.0.0/stage6/tables/supplement_table_S1.csv,
supplement,supplement_table_S1.csv,1,29,4,1001,"Outcome available, %",YES,100.0,100.0,PASS,release/v1.0.0/stage6/tables/supplement_table_S1.csv,
supplement,supplement_table_S1.csv,1,29,5,1001,Unadjusted mean,YES,85.47,85.47,PASS,release/v1.0.0/stage6/tables/supplement_table_S1.csv,
supplement,supplement_table_S1.csv,1,29,6,1001,SD,YES,4.37,4.37,PASS,release/v1.0.0/stage6/tables/supplement_table_S1.csv,
supplement,supplement_table_S1.csv,1,30,0,1001,Bits,NO,1001,1001,PASS,release/v1.0.0/stage6/tables/supplement_table_S1.csv,
supplement,supplement_table_S1.csv,1,30,1,1001,Hospital group,NO,Critical Access,Critical Access,PASS,release/v1.0.0/stage6/tables/supplement_table_S1.csv,
supplement,supplement_table_S1.csv,1,30,2,1001,Source N,YES,14,14,PASS,release/v1.0.0/stage6/tables/supplement_table_S1.csv,
supplement,supplement_table_S1.csv,1,30,3,1001,Outcome N,YES,10,10,PASS,release/v1.0.0/stage6/tables/supplement_table_S1.csv,
supplement,supplement_table_S1.csv,1,30,4,1001,"Outcome available, %",YES,71.4,71.4,PASS,release/v1.0.0/stage6/tables/supplement_table_S1.csv,
supplement,supplement_table_S1.csv,1,30,5,1001,Unadjusted mean,YES,89.10,89.10,PASS,release/v1.0.0/stage6/tables/supplement_table_S1.csv,
supplement,supplement_table_S1.csv,1,30,6,1001,SD,YES,3.21,3.21,PASS,release/v1.0.0/stage6/tables/supplement_table_S1.csv,
supplement,supplement_table_S1.csv,1,31,0,1010,Bits,NO,1010,1010,PASS,release/v1.0.0/stage6/tables/supplement_table_S1.csv,
supplement,supplement_table_S1.csv,1,31,1,1010,Hospital group,NO,All,All,PASS,release/v1.0.0/stage6/tables/supplement_table_S1.csv,
supplement,supplement_table_S1.csv,1,31,2,1010,Source N,YES,150,150,PASS,release/v1.0.0/stage6/tables/supplement_table_S1.csv,
supplement,supplement_table_S1.csv,1,31,3,1010,Outcome N,YES,130,130,PASS,release/v1.0.0/stage6/tables/supplement_table_S1.csv,
supplement,supplement_table_S1.csv,1,31,4,1010,"Outcome available, %",YES,86.7,86.7,PASS,release/v1.0.0/stage6/tables/supplement_table_S1.csv,
supplement,supplement_table_S1.csv,1,31,5,1010,Unadjusted mean,YES,86.78,86.78,PASS,release/v1.0.0/stage6/tables/supplement_table_S1.csv,
supplement,supplement_table_S1.csv,1,31,6,1010,SD,YES,3.75,3.75,PASS,release/v1.0.0/stage6/tables/supplement_table_S1.csv,
supplement,supplement_table_S1.csv,1,32,0,1010,Bits,NO,1010,1010,PASS,release/v1.0.0/stage6/tables/supplement_table_S1.csv,
supplement,supplement_table_S1.csv,1,32,1,1010,Hospital group,NO,Acute Care,Acute Care,PASS,release/v1.0.0/stage6/tables/supplement_table_S1.csv,
supplement,supplement_table_S1.csv,1,32,2,1010,Source N,YES,100,100,PASS,release/v1.0.0/stage6/tables/supplement_table_S1.csv,
supplement,supplement_table_S1.csv,1,32,3,1010,Outcome N,YES,97,97,PASS,release/v1.0.0/stage6/tables/supplement_table_S1.csv,
supplement,supplement_table_S1.csv,1,32,4,1010,"Outcome available, %",YES,97.0,97.0,PASS,release/v1.0.0/stage6/tables/supplement_table_S1.csv,
supplement,supplement_table_S1.csv,1,32,5,1010,Unadjusted mean,YES,86.18,86.18,PASS,release/v1.0.0/stage6/tables/supplement_table_S1.csv,
supplement,supplement_table_S1.csv,1,32,6,1010,SD,YES,3.29,3.29,PASS,release/v1.0.0/stage6/tables/supplement_table_S1.csv,
supplement,supplement_table_S1.csv,1,33,0,1010,Bits,NO,1010,1010,PASS,release/v1.0.0/stage6/tables/supplement_table_S1.csv,
supplement,supplement_table_S1.csv,1,33,1,1010,Hospital group,NO,Critical Access,Critical Access,PASS,release/v1.0.0/stage6/tables/supplement_table_S1.csv,
supplement,supplement_table_S1.csv,1,33,2,1010,Source N,YES,50,50,PASS,release/v1.0.0/stage6/tables/supplement_table_S1.csv,
supplement,supplement_table_S1.csv,1,33,3,1010,Outcome N,YES,33,33,PASS,release/v1.0.0/stage6/tables/supplement_table_S1.csv,
supplement,supplement_table_S1.csv,1,33,4,1010,"Outcome available, %",YES,66.0,66.0,PASS,release/v1.0.0/stage6/tables/supplement_table_S1.csv,
supplement,supplement_table_S1.csv,1,33,5,1010,Unadjusted mean,YES,88.58,88.58,PASS,release/v1.0.0/stage6/tables/supplement_table_S1.csv,
supplement,supplement_table_S1.csv,1,33,6,1010,SD,YES,4.46,4.46,PASS,release/v1.0.0/stage6/tables/supplement_table_S1.csv,
supplement,supplement_table_S1.csv,1,34,0,1011,Bits,NO,1011,1011,PASS,release/v1.0.0/stage6/tables/supplement_table_S1.csv,
supplement,supplement_table_S1.csv,1,34,1,1011,Hospital group,NO,All,All,PASS,release/v1.0.0/stage6/tables/supplement_table_S1.csv,
supplement,supplement_table_S1.csv,1,34,2,1011,Source N,YES,87,87,PASS,release/v1.0.0/stage6/tables/supplement_table_S1.csv,
supplement,supplement_table_S1.csv,1,34,3,1011,Outcome N,YES,84,84,PASS,release/v1.0.0/stage6/tables/supplement_table_S1.csv,
supplement,supplement_table_S1.csv,1,34,4,1011,"Outcome available, %",YES,96.6,96.6,PASS,release/v1.0.0/stage6/tables/supplement_table_S1.csv,
supplement,supplement_table_S1.csv,1,34,5,1011,Unadjusted mean,YES,86.46,86.46,PASS,release/v1.0.0/stage6/tables/supplement_table_S1.csv,
supplement,supplement_table_S1.csv,1,34,6,1011,SD,YES,3.68,3.68,PASS,release/v1.0.0/stage6/tables/supplement_table_S1.csv,
supplement,supplement_table_S1.csv,1,35,0,1011,Bits,NO,1011,1011,PASS,release/v1.0.0/stage6/tables/supplement_table_S1.csv,
supplement,supplement_table_S1.csv,1,35,1,1011,Hospital group,NO,Acute Care,Acute Care,PASS,release/v1.0.0/stage6/tables/supplement_table_S1.csv,
supplement,supplement_table_S1.csv,1,35,2,1011,Source N,YES,52,52,PASS,release/v1.0.0/stage6/tables/supplement_table_S1.csv,
supplement,supplement_table_S1.csv,1,35,3,1011,Outcome N,YES,52,52,PASS,release/v1.0.0/stage6/tables/supplement_table_S1.csv,
supplement,supplement_table_S1.csv,1,35,4,1011,"Outcome available, %",YES,100.0,100.0,PASS,release/v1.0.0/stage6/tables/supplement_table_S1.csv,
supplement,supplement_table_S1.csv,1,35,5,1011,Unadjusted mean,YES,85.54,85.54,PASS,release/v1.0.0/stage6/tables/supplement_table_S1.csv,
supplement,supplement_table_S1.csv,1,35,6,1011,SD,YES,3.21,3.21,PASS,release/v1.0.0/stage6/tables/supplement_table_S1.csv,
supplement,supplement_table_S1.csv,1,36,0,1011,Bits,NO,1011,1011,PASS,release/v1.0.0/stage6/tables/supplement_table_S1.csv,
supplement,supplement_table_S1.csv,1,36,1,1011,Hospital group,NO,Critical Access,Critical Access,PASS,release/v1.0.0/stage6/tables/supplement_table_S1.csv,
supplement,supplement_table_S1.csv,1,36,2,1011,Source N,YES,35,35,PASS,release/v1.0.0/stage6/tables/supplement_table_S1.csv,
supplement,supplement_table_S1.csv,1,36,3,1011,Outcome N,YES,32,32,PASS,release/v1.0.0/stage6/tables/supplement_table_S1.csv,
supplement,supplement_table_S1.csv,1,36,4,1011,"Outcome available, %",YES,91.4,91.4,PASS,release/v1.0.0/stage6/tables/supplement_table_S1.csv,
supplement,supplement_table_S1.csv,1,36,5,1011,Unadjusted mean,YES,87.97,87.97,PASS,release/v1.0.0/stage6/tables/supplement_table_S1.csv,
supplement,supplement_table_S1.csv,1,36,6,1011,SD,YES,3.95,3.95,PASS,release/v1.0.0/stage6/tables/supplement_table_S1.csv,
supplement,supplement_table_S1.csv,1,37,0,1100,Bits,NO,1100,1100,PASS,release/v1.0.0/stage6/tables/supplement_table_S1.csv,
supplement,supplement_table_S1.csv,1,37,1,1100,Hospital group,NO,All,All,PASS,release/v1.0.0/stage6/tables/supplement_table_S1.csv,
supplement,supplement_table_S1.csv,1,37,2,1100,Source N,YES,460,460,PASS,release/v1.0.0/stage6/tables/supplement_table_S1.csv,
supplement,supplement_table_S1.csv,1,37,3,1100,Outcome N,YES,413,413,PASS,release/v1.0.0/stage6/tables/supplement_table_S1.csv,
supplement,supplement_table_S1.csv,1,37,4,1100,"Outcome available, %",YES,89.8,89.8,PASS,release/v1.0.0/stage6/tables/supplement_table_S1.csv,
supplement,supplement_table_S1.csv,1,37,5,1100,Unadjusted mean,YES,86.97,86.97,PASS,release/v1.0.0/stage6/tables/supplement_table_S1.csv,
supplement,supplement_table_S1.csv,1,37,6,1100,SD,YES,4.32,4.32,PASS,release/v1.0.0/stage6/tables/supplement_table_S1.csv,
supplement,supplement_table_S1.csv,1,38,0,1100,Bits,NO,1100,1100,PASS,release/v1.0.0/stage6/tables/supplement_table_S1.csv,
supplement,supplement_table_S1.csv,1,38,1,1100,Hospital group,NO,Acute Care,Acute Care,PASS,release/v1.0.0/stage6/tables/supplement_table_S1.csv,
supplement,supplement_table_S1.csv,1,38,2,1100,Source N,YES,271,271,PASS,release/v1.0.0/stage6/tables/supplement_table_S1.csv,
supplement,supplement_table_S1.csv,1,38,3,1100,Outcome N,YES,269,269,PASS,release/v1.0.0/stage6/tables/supplement_table_S1.csv,
supplement,supplement_table_S1.csv,1,38,4,1100,"Outcome available, %",YES,99.3,99.3,PASS,release/v1.0.0/stage6/tables/supplement_table_S1.csv,
supplement,supplement_table_S1.csv,1,38,5,1100,Unadjusted mean,YES,85.99,85.99,PASS,release/v1.0.0/stage6/tables/supplement_table_S1.csv,
supplement,supplement_table_S1.csv,1,38,6,1100,SD,YES,3.38,3.38,PASS,release/v1.0.0/stage6/tables/supplement_table_S1.csv,
supplement,supplement_table_S1.csv,1,39,0,1100,Bits,NO,1100,1100,PASS,release/v1.0.0/stage6/tables/supplement_table_S1.csv,
supplement,supplement_table_S1.csv,1,39,1,1100,Hospital group,NO,Critical Access,Critical Access,PASS,release/v1.0.0/stage6/tables/supplement_table_S1.csv,
supplement,supplement_table_S1.csv,1,39,2,1100,Source N,YES,189,189,PASS,release/v1.0.0/stage6/tables/supplement_table_S1.csv,
supplement,supplement_table_S1.csv,1,39,3,1100,Outcome N,YES,144,144,PASS,release/v1.0.0/stage6/tables/supplement_table_S1.csv,
supplement,supplement_table_S1.csv,1,39,4,1100,"Outcome available, %",YES,76.2,76.2,PASS,release/v1.0.0/stage6/tables/supplement_table_S1.csv,
supplement,supplement_table_S1.csv,1,39,5,1100,Unadjusted mean,YES,88.81,88.81,PASS,release/v1.0.0/stage6/tables/supplement_table_S1.csv,
supplement,supplement_table_S1.csv,1,39,6,1100,SD,YES,5.21,5.21,PASS,release/v1.0.0/stage6/tables/supplement_table_S1.csv,
supplement,supplement_table_S1.csv,1,40,0,1101,Bits,NO,1101,1101,PASS,release/v1.0.0/stage6/tables/supplement_table_S1.csv,
supplement,supplement_table_S1.csv,1,40,1,1101,Hospital group,NO,All,All,PASS,release/v1.0.0/stage6/tables/supplement_table_S1.csv,
supplement,supplement_table_S1.csv,1,40,2,1101,Source N,YES,237,237,PASS,release/v1.0.0/stage6/tables/supplement_table_S1.csv,
supplement,supplement_table_S1.csv,1,40,3,1101,Outcome N,YES,217,217,PASS,release/v1.0.0/stage6/tables/supplement_table_S1.csv,
supplement,supplement_table_S1.csv,1,40,4,1101,"Outcome available, %",YES,91.6,91.6,PASS,release/v1.0.0/stage6/tables/supplement_table_S1.csv,
supplement,supplement_table_S1.csv,1,40,5,1101,Unadjusted mean,YES,85.15,85.15,PASS,release/v1.0.0/stage6/tables/supplement_table_S1.csv,
supplement,supplement_table_S1.csv,1,40,6,1101,SD,YES,5.07,5.07,PASS,release/v1.0.0/stage6/tables/supplement_table_S1.csv,
supplement,supplement_table_S1.csv,1,41,0,1101,Bits,NO,1101,1101,PASS,release/v1.0.0/stage6/tables/supplement_table_S1.csv,
supplement,supplement_table_S1.csv,1,41,1,1101,Hospital group,NO,Acute Care,Acute Care,PASS,release/v1.0.0/stage6/tables/supplement_table_S1.csv,
supplement,supplement_table_S1.csv,1,41,2,1101,Source N,YES,182,182,PASS,release/v1.0.0/stage6/tables/supplement_table_S1.csv,
supplement,supplement_table_S1.csv,1,41,3,1101,Outcome N,YES,182,182,PASS,release/v1.0.0/stage6/tables/supplement_table_S1.csv,
supplement,supplement_table_S1.csv,1,41,4,1101,"Outcome available, %",YES,100.0,100.0,PASS,release/v1.0.0/stage6/tables/supplement_table_S1.csv,
supplement,supplement_table_S1.csv,1,41,5,1101,Unadjusted mean,YES,84.36,84.36,PASS,release/v1.0.0/stage6/tables/supplement_table_S1.csv,
supplement,supplement_table_S1.csv,1,41,6,1101,SD,YES,4.80,4.80,PASS,release/v1.0.0/stage6/tables/supplement_table_S1.csv,
supplement,supplement_table_S1.csv,1,42,0,1101,Bits,NO,1101,1101,PASS,release/v1.0.0/stage6/tables/supplement_table_S1.csv,
supplement,supplement_table_S1.csv,1,42,1,1101,Hospital group,NO,Critical Access,Critical Access,PASS,release/v1.0.0/stage6/tables/supplement_table_S1.csv,
supplement,supplement_table_S1.csv,1,42,2,1101,Source N,YES,55,55,PASS,release/v1.0.0/stage6/tables/supplement_table_S1.csv,
supplement,supplement_table_S1.csv,1,42,3,1101,Outcome N,YES,35,35,PASS,release/v1.0.0/stage6/tables/supplement_table_S1.csv,
supplement,supplement_table_S1.csv,1,42,4,1101,"Outcome available, %",YES,63.6,63.6,PASS,release/v1.0.0/stage6/tables/supplement_table_S1.csv,
supplement,supplement_table_S1.csv,1,42,5,1101,Unadjusted mean,YES,89.23,89.23,PASS,release/v1.0.0/stage6/tables/supplement_table_S1.csv,
supplement,supplement_table_S1.csv,1,42,6,1101,SD,YES,4.52,4.52,PASS,release/v1.0.0/stage6/tables/supplement_table_S1.csv,
supplement,supplement_table_S1.csv,1,43,0,1110,Bits,NO,1110,1110,PASS,release/v1.0.0/stage6/tables/supplement_table_S1.csv,
supplement,supplement_table_S1.csv,1,43,1,1110,Hospital group,NO,All,All,PASS,release/v1.0.0/stage6/tables/supplement_table_S1.csv,
supplement,supplement_table_S1.csv,1,43,2,1110,Source N,YES,445,445,PASS,release/v1.0.0/stage6/tables/supplement_table_S1.csv,
supplement,supplement_table_S1.csv,1,43,3,1110,Outcome N,YES,406,406,PASS,release/v1.0.0/stage6/tables/supplement_table_S1.csv,
supplement,supplement_table_S1.csv,1,43,4,1110,"Outcome available, %",YES,91.2,91.2,PASS,release/v1.0.0/stage6/tables/supplement_table_S1.csv,
supplement,supplement_table_S1.csv,1,43,5,1110,Unadjusted mean,YES,86.72,86.72,PASS,release/v1.0.0/stage6/tables/supplement_table_S1.csv,
supplement,supplement_table_S1.csv,1,43,6,1110,SD,YES,3.07,3.07,PASS,release/v1.0.0/stage6/tables/supplement_table_S1.csv,
supplement,supplement_table_S1.csv,1,44,0,1110,Bits,NO,1110,1110,PASS,release/v1.0.0/stage6/tables/supplement_table_S1.csv,
supplement,supplement_table_S1.csv,1,44,1,1110,Hospital group,NO,Acute Care,Acute Care,PASS,release/v1.0.0/stage6/tables/supplement_table_S1.csv,
supplement,supplement_table_S1.csv,1,44,2,1110,Source N,YES,341,341,PASS,release/v1.0.0/stage6/tables/supplement_table_S1.csv,
supplement,supplement_table_S1.csv,1,44,3,1110,Outcome N,YES,338,338,PASS,release/v1.0.0/stage6/tables/supplement_table_S1.csv,
supplement,supplement_table_S1.csv,1,44,4,1110,"Outcome available, %",YES,99.1,99.1,PASS,release/v1.0.0/stage6/tables/supplement_table_S1.csv,
supplement,supplement_table_S1.csv,1,44,5,1110,Unadjusted mean,YES,86.32,86.32,PASS,release/v1.0.0/stage6/tables/supplement_table_S1.csv,
supplement,supplement_table_S1.csv,1,44,6,1110,SD,YES,2.66,2.66,PASS,release/v1.0.0/stage6/tables/supplement_table_S1.csv,
supplement,supplement_table_S1.csv,1,45,0,1110,Bits,NO,1110,1110,PASS,release/v1.0.0/stage6/tables/supplement_table_S1.csv,
supplement,supplement_table_S1.csv,1,45,1,1110,Hospital group,NO,Critical Access,Critical Access,PASS,release/v1.0.0/stage6/tables/supplement_table_S1.csv,
supplement,supplement_table_S1.csv,1,45,2,1110,Source N,YES,104,104,PASS,release/v1.0.0/stage6/tables/supplement_table_S1.csv,
supplement,supplement_table_S1.csv,1,45,3,1110,Outcome N,YES,68,68,PASS,release/v1.0.0/stage6/tables/supplement_table_S1.csv,
supplement,supplement_table_S1.csv,1,45,4,1110,"Outcome available, %",YES,65.4,65.4,PASS,release/v1.0.0/stage6/tables/supplement_table_S1.csv,
supplement,supplement_table_S1.csv,1,45,5,1110,Unadjusted mean,YES,88.72,88.72,PASS,release/v1.0.0/stage6/tables/supplement_table_S1.csv,
supplement,supplement_table_S1.csv,1,45,6,1110,SD,YES,4.06,4.06,PASS,release/v1.0.0/stage6/tables/supplement_table_S1.csv,
supplement,supplement_table_S1.csv,1,46,0,1111,Bits,NO,1111,1111,PASS,release/v1.0.0/stage6/tables/supplement_table_S1.csv,
supplement,supplement_table_S1.csv,1,46,1,1111,Hospital group,NO,All,All,PASS,release/v1.0.0/stage6/tables/supplement_table_S1.csv,
supplement,supplement_table_S1.csv,1,46,2,1111,Source N,YES,587,587,PASS,release/v1.0.0/stage6/tables/supplement_table_S1.csv,
supplement,supplement_table_S1.csv,1,46,3,1111,Outcome N,YES,573,573,PASS,release/v1.0.0/stage6/tables/supplement_table_S1.csv,
supplement,supplement_table_S1.csv,1,46,4,1111,"Outcome available, %",YES,97.6,97.6,PASS,release/v1.0.0/stage6/tables/supplement_table_S1.csv,
supplement,supplement_table_S1.csv,1,46,5,1111,Unadjusted mean,YES,86.88,86.88,PASS,release/v1.0.0/stage6/tables/supplement_table_S1.csv,
supplement,supplement_table_S1.csv,1,46,6,1111,SD,YES,3.82,3.82,PASS,release/v1.0.0/stage6/tables/supplement_table_S1.csv,
supplement,supplement_table_S1.csv,1,47,0,1111,Bits,NO,1111,1111,PASS,release/v1.0.0/stage6/tables/supplement_table_S1.csv,
supplement,supplement_table_S1.csv,1,47,1,1111,Hospital group,NO,Acute Care,Acute Care,PASS,release/v1.0.0/stage6/tables/supplement_table_S1.csv,
supplement,supplement_table_S1.csv,1,47,2,1111,Source N,YES,487,487,PASS,release/v1.0.0/stage6/tables/supplement_table_S1.csv,
supplement,supplement_table_S1.csv,1,47,3,1111,Outcome N,YES,483,483,PASS,release/v1.0.0/stage6/tables/supplement_table_S1.csv,
supplement,supplement_table_S1.csv,1,47,4,1111,"Outcome available, %",YES,99.2,99.2,PASS,release/v1.0.0/stage6/tables/supplement_table_S1.csv,
supplement,supplement_table_S1.csv,1,47,5,1111,Unadjusted mean,YES,86.36,86.36,PASS,release/v1.0.0/stage6/tables/supplement_table_S1.csv,
supplement,supplement_table_S1.csv,1,47,6,1111,SD,YES,3.44,3.44,PASS,release/v1.0.0/stage6/tables/supplement_table_S1.csv,
supplement,supplement_table_S1.csv,1,48,0,1111,Bits,NO,1111,1111,PASS,release/v1.0.0/stage6/tables/supplement_table_S1.csv,
supplement,supplement_table_S1.csv,1,48,1,1111,Hospital group,NO,Critical Access,Critical Access,PASS,release/v1.0.0/stage6/tables/supplement_table_S1.csv,
supplement,supplement_table_S1.csv,1,48,2,1111,Source N,YES,100,100,PASS,release/v1.0.0/stage6/tables/supplement_table_S1.csv,
supplement,supplement_table_S1.csv,1,48,3,1111,Outcome N,YES,90,90,PASS,release/v1.0.0/stage6/tables/supplement_table_S1.csv,
supplement,supplement_table_S1.csv,1,48,4,1111,"Outcome available, %",YES,90.0,90.0,PASS,release/v1.0.0/stage6/tables/supplement_table_S1.csv,
supplement,supplement_table_S1.csv,1,48,5,1111,Unadjusted mean,YES,89.70,89.70,PASS,release/v1.0.0/stage6/tables/supplement_table_S1.csv,
supplement,supplement_table_S1.csv,1,48,6,1111,SD,YES,4.52,4.52,PASS,release/v1.0.0/stage6/tables/supplement_table_S1.csv,
supplement,supplement_table_S2.csv,2,0,0,Hospital group,Hospital group,NO,Hospital group,Hospital group,PASS,release/v1.0.0/stage6/tables/supplement_table_S2.csv,
supplement,supplement_table_S2.csv,2,0,1,Hospital group,Code,NO,Code,Code,PASS,release/v1.0.0/stage6/tables/supplement_table_S2.csv,
supplement,supplement_table_S2.csv,2,0,2,Hospital group,Profile,NO,Profile,Profile,PASS,release/v1.0.0/stage6/tables/supplement_table_S2.csv,
supplement,supplement_table_S2.csv,2,0,3,Hospital group,"Adjusted mean, %",NO,"Adjusted mean, %","Adjusted mean, %",PASS,release/v1.0.0/stage6/tables/supplement_table_S2.csv,
supplement,supplement_table_S2.csv,2,0,4,Hospital group,95% CI,NO,95% CI,95% CI,PASS,release/v1.0.0/stage6/tables/supplement_table_S2.csv,
supplement,supplement_table_S2.csv,2,1,0,Acute Care,Hospital group,NO,Acute Care,Acute Care,PASS,release/v1.0.0/stage6/tables/supplement_table_S2.csv,
supplement,supplement_table_S2.csv,2,1,1,Acute Care,Code,NO,0,0,PASS,release/v1.0.0/stage6/tables/supplement_table_S2.csv,
supplement,supplement_table_S2.csv,2,1,2,Acute Care,Profile,NO,No coded participation,No coded participation,PASS,release/v1.0.0/stage6/tables/supplement_table_S2.csv,
supplement,supplement_table_S2.csv,2,1,3,Acute Care,"Adjusted mean, %",YES,85.79,85.79,PASS,release/v1.0.0/stage6/tables/supplement_table_S2.csv,
supplement,supplement_table_S2.csv,2,1,4,Acute Care,95% CI,YES,84.67 to 86.91,84.67 to 86.91,PASS,release/v1.0.0/stage6/tables/supplement_table_S2.csv,
supplement,supplement_table_S2.csv,2,2,0,Acute Care,Hospital group,NO,Acute Care,Acute Care,PASS,release/v1.0.0/stage6/tables/supplement_table_S2.csv,
supplement,supplement_table_S2.csv,2,2,1,Acute Care,Code,NO,1,1,PASS,release/v1.0.0/stage6/tables/supplement_table_S2.csv,
supplement,supplement_table_S2.csv,2,2,2,Acute Care,Profile,NO,"Single conventional network, no TEFCA","Single conventional network, no TEFCA",PASS,release/v1.0.0/stage6/tables/supplement_table_S2.csv,
supplement,supplement_table_S2.csv,2,2,3,Acute Care,"Adjusted mean, %",YES,83.92,83.92,PASS,release/v1.0.0/stage6/tables/supplement_table_S2.csv,
supplement,supplement_table_S2.csv,2,2,4,Acute Care,95% CI,YES,83.28 to 84.56,83.28 to 84.56,PASS,release/v1.0.0/stage6/tables/supplement_table_S2.csv,
supplement,supplement_table_S2.csv,2,3,0,Acute Care,Hospital group,NO,Acute Care,Acute Care,PASS,release/v1.0.0/stage6/tables/supplement_table_S2.csv,
supplement,supplement_table_S2.csv,2,3,1,Acute Care,Code,NO,2,2,PASS,release/v1.0.0/stage6/tables/supplement_table_S2.csv,
supplement,supplement_table_S2.csv,2,3,2,Acute Care,Profile,NO,"Two conventional networks, no TEFCA","Two conventional networks, no TEFCA",PASS,release/v1.0.0/stage6/tables/supplement_table_S2.csv,
supplement,supplement_table_S2.csv,2,3,3,Acute Care,"Adjusted mean, %",YES,85.93,85.93,PASS,release/v1.0.0/stage6/tables/supplement_table_S2.csv,
supplement,supplement_table_S2.csv,2,3,4,Acute Care,95% CI,YES,85.61 to 86.25,85.61 to 86.25,PASS,release/v1.0.0/stage6/tables/supplement_table_S2.csv,
supplement,supplement_table_S2.csv,2,4,0,Acute Care,Hospital group,NO,Acute Care,Acute Care,PASS,release/v1.0.0/stage6/tables/supplement_table_S2.csv,
supplement,supplement_table_S2.csv,2,4,1,Acute Care,Code,NO,3,3,PASS,release/v1.0.0/stage6/tables/supplement_table_S2.csv,
supplement,supplement_table_S2.csv,2,4,2,Acute Care,Profile,NO,"Three conventional networks, no TEFCA","Three conventional networks, no TEFCA",PASS,release/v1.0.0/stage6/tables/supplement_table_S2.csv,
supplement,supplement_table_S2.csv,2,4,3,Acute Care,"Adjusted mean, %",YES,85.93,85.93,PASS,release/v1.0.0/stage6/tables/supplement_table_S2.csv,
supplement,supplement_table_S2.csv,2,4,4,Acute Care,95% CI,YES,85.63 to 86.24,85.63 to 86.24,PASS,release/v1.0.0/stage6/tables/supplement_table_S2.csv,
supplement,supplement_table_S2.csv,2,5,0,Acute Care,Hospital group,NO,Acute Care,Acute Care,PASS,release/v1.0.0/stage6/tables/supplement_table_S2.csv,
supplement,supplement_table_S2.csv,2,5,1,Acute Care,Code,NO,4,4,PASS,release/v1.0.0/stage6/tables/supplement_table_S2.csv,
supplement,supplement_table_S2.csv,2,5,2,Acute Care,Profile,NO,TEFCA plus zero to two conventional networks,TEFCA plus zero to two conventional networks,PASS,release/v1.0.0/stage6/tables/supplement_table_S2.csv,
supplement,supplement_table_S2.csv,2,5,3,Acute Care,"Adjusted mean, %",YES,85.25,85.25,PASS,release/v1.0.0/stage6/tables/supplement_table_S2.csv,
supplement,supplement_table_S2.csv,2,5,4,Acute Care,95% CI,YES,84.83 to 85.68,84.83 to 85.68,PASS,release/v1.0.0/stage6/tables/supplement_table_S2.csv,
supplement,supplement_table_S2.csv,2,6,0,Acute Care,Hospital group,NO,Acute Care,Acute Care,PASS,release/v1.0.0/stage6/tables/supplement_table_S2.csv,
supplement,supplement_table_S2.csv,2,6,1,Acute Care,Code,NO,5,5,PASS,release/v1.0.0/stage6/tables/supplement_table_S2.csv,
supplement,supplement_table_S2.csv,2,6,2,Acute Care,Profile,NO,TEFCA plus all three conventional networks,TEFCA plus all three conventional networks,PASS,release/v1.0.0/stage6/tables/supplement_table_S2.csv,
supplement,supplement_table_S2.csv,2,6,3,Acute Care,"Adjusted mean, %",YES,86.05,86.05,PASS,release/v1.0.0/stage6/tables/supplement_table_S2.csv,
supplement,supplement_table_S2.csv,2,6,4,Acute Care,95% CI,YES,85.75 to 86.36,85.75 to 86.36,PASS,release/v1.0.0/stage6/tables/supplement_table_S2.csv,
supplement,supplement_table_S2.csv,2,7,0,Critical Access,Hospital group,NO,Critical Access,Critical Access,PASS,release/v1.0.0/stage6/tables/supplement_table_S2.csv,
supplement,supplement_table_S2.csv,2,7,1,Critical Access,Code,NO,0,0,PASS,release/v1.0.0/stage6/tables/supplement_table_S2.csv,
supplement,supplement_table_S2.csv,2,7,2,Critical Access,Profile,NO,No coded participation,No coded participation,PASS,release/v1.0.0/stage6/tables/supplement_table_S2.csv,
supplement,supplement_table_S2.csv,2,7,3,Critical Access,"Adjusted mean, %",YES,89.51,89.51,PASS,release/v1.0.0/stage6/tables/supplement_table_S2.csv,
supplement,supplement_table_S2.csv,2,7,4,Critical Access,95% CI,YES,87.77 to 91.24,87.77 to 91.24,PASS,release/v1.0.0/stage6/tables/supplement_table_S2.csv,
supplement,supplement_table_S2.csv,2,8,0,Critical Access,Hospital group,NO,Critical Access,Critical Access,PASS,release/v1.0.0/stage6/tables/supplement_table_S2.csv,
supplement,supplement_table_S2.csv,2,8,1,Critical Access,Code,NO,1,1,PASS,release/v1.0.0/stage6/tables/supplement_table_S2.csv,
supplement,supplement_table_S2.csv,2,8,2,Critical Access,Profile,NO,"Single conventional network, no TEFCA","Single conventional network, no TEFCA",PASS,release/v1.0.0/stage6/tables/supplement_table_S2.csv,
supplement,supplement_table_S2.csv,2,8,3,Critical Access,"Adjusted mean, %",YES,88.81,88.81,PASS,release/v1.0.0/stage6/tables/supplement_table_S2.csv,
supplement,supplement_table_S2.csv,2,8,4,Critical Access,95% CI,YES,87.61 to 90.00,87.61 to 90.00,PASS,release/v1.0.0/stage6/tables/supplement_table_S2.csv,
supplement,supplement_table_S2.csv,2,9,0,Critical Access,Hospital group,NO,Critical Access,Critical Access,PASS,release/v1.0.0/stage6/tables/supplement_table_S2.csv,
supplement,supplement_table_S2.csv,2,9,1,Critical Access,Code,NO,2,2,PASS,release/v1.0.0/stage6/tables/supplement_table_S2.csv,
supplement,supplement_table_S2.csv,2,9,2,Critical Access,Profile,NO,"Two conventional networks, no TEFCA","Two conventional networks, no TEFCA",PASS,release/v1.0.0/stage6/tables/supplement_table_S2.csv,
supplement,supplement_table_S2.csv,2,9,3,Critical Access,"Adjusted mean, %",YES,88.99,88.99,PASS,release/v1.0.0/stage6/tables/supplement_table_S2.csv,
supplement,supplement_table_S2.csv,2,9,4,Critical Access,95% CI,YES,88.23 to 89.74,88.23 to 89.74,PASS,release/v1.0.0/stage6/tables/supplement_table_S2.csv,
supplement,supplement_table_S2.csv,2,10,0,Critical Access,Hospital group,NO,Critical Access,Critical Access,PASS,release/v1.0.0/stage6/tables/supplement_table_S2.csv,
supplement,supplement_table_S2.csv,2,10,1,Critical Access,Code,NO,3,3,PASS,release/v1.0.0/stage6/tables/supplement_table_S2.csv,
supplement,supplement_table_S2.csv,2,10,2,Critical Access,Profile,NO,"Three conventional networks, no TEFCA","Three conventional networks, no TEFCA",PASS,release/v1.0.0/stage6/tables/supplement_table_S2.csv,
supplement,supplement_table_S2.csv,2,10,3,Critical Access,"Adjusted mean, %",YES,88.63,88.63,PASS,release/v1.0.0/stage6/tables/supplement_table_S2.csv,
supplement,supplement_table_S2.csv,2,10,4,Critical Access,95% CI,YES,87.49 to 89.76,87.49 to 89.76,PASS,release/v1.0.0/stage6/tables/supplement_table_S2.csv,
supplement,supplement_table_S2.csv,2,11,0,Critical Access,Hospital group,NO,Critical Access,Critical Access,PASS,release/v1.0.0/stage6/tables/supplement_table_S2.csv,
supplement,supplement_table_S2.csv,2,11,1,Critical Access,Code,NO,4,4,PASS,release/v1.0.0/stage6/tables/supplement_table_S2.csv,
supplement,supplement_table_S2.csv,2,11,2,Critical Access,Profile,NO,TEFCA plus zero to two conventional networks,TEFCA plus zero to two conventional networks,PASS,release/v1.0.0/stage6/tables/supplement_table_S2.csv,
supplement,supplement_table_S2.csv,2,11,3,Critical Access,"Adjusted mean, %",YES,88.96,88.96,PASS,release/v1.0.0/stage6/tables/supplement_table_S2.csv,
supplement,supplement_table_S2.csv,2,11,4,Critical Access,95% CI,YES,88.04 to 89.88,88.04 to 89.88,PASS,release/v1.0.0/stage6/tables/supplement_table_S2.csv,
supplement,supplement_table_S2.csv,2,12,0,Critical Access,Hospital group,NO,Critical Access,Critical Access,PASS,release/v1.0.0/stage6/tables/supplement_table_S2.csv,
supplement,supplement_table_S2.csv,2,12,1,Critical Access,Code,NO,5,5,PASS,release/v1.0.0/stage6/tables/supplement_table_S2.csv,
supplement,supplement_table_S2.csv,2,12,2,Critical Access,Profile,NO,TEFCA plus all three conventional networks,TEFCA plus all three conventional networks,PASS,release/v1.0.0/stage6/tables/supplement_table_S2.csv,
supplement,supplement_table_S2.csv,2,12,3,Critical Access,"Adjusted mean, %",YES,89.63,89.63,PASS,release/v1.0.0/stage6/tables/supplement_table_S2.csv,
supplement,supplement_table_S2.csv,2,12,4,Critical Access,95% CI,YES,88.64 to 90.63,88.64 to 90.63,PASS,release/v1.0.0/stage6/tables/supplement_table_S2.csv,
supplement,supplement_table_S3.csv,3,0,0,Outcome,Outcome,NO,Outcome,Outcome,PASS,release/v1.0.0/stage6/tables/supplement_table_S3.csv,
supplement,supplement_table_S3.csv,3,0,1,Outcome,Global χ²,NO,Global χ²,Global χ²,PASS,release/v1.0.0/stage6/tables/supplement_table_S3.csv,
supplement,supplement_table_S3.csv,3,0,2,Outcome,Global P,NO,Global P,Global P,PASS,release/v1.0.0/stage6/tables/supplement_table_S3.csv,
supplement,supplement_table_S3.csv,3,0,3,Outcome,BH-FDR q,NO,BH-FDR q,BH-FDR q,PASS,release/v1.0.0/stage6/tables/supplement_table_S3.csv,
supplement,supplement_table_S3.csv,3,0,4,Outcome,"Profile 5–3, pp",NO,"Profile 5–3, pp","Profile 5–3, pp",PASS,release/v1.0.0/stage6/tables/supplement_table_S3.csv,
supplement,supplement_table_S3.csv,3,0,5,Outcome,95% CI,NO,95% CI,95% CI,PASS,release/v1.0.0/stage6/tables/supplement_table_S3.csv,
supplement,supplement_table_S3.csv,3,0,6,Outcome,Contrast P,NO,Contrast P,Contrast P,PASS,release/v1.0.0/stage6/tables/supplement_table_S3.csv,
supplement,supplement_table_S3.csv,3,1,0,Communication about medicines: Always,Outcome,NO,Communication about medicines: Always,Communication about medicines: Always,PASS,release/v1.0.0/stage6/tables/supplement_table_S3.csv,
supplement,supplement_table_S3.csv,3,1,1,Communication about medicines: Always,Global χ²,YES,12.88,12.88,PASS,release/v1.0.0/stage6/tables/supplement_table_S3.csv,
supplement,supplement_table_S3.csv,3,1,2,Communication about medicines: Always,Global P,YES,.0245,.0245,PASS,release/v1.0.0/stage6/tables/supplement_table_S3.csv,
supplement,supplement_table_S3.csv,3,1,3,Communication about medicines: Always,BH-FDR q,YES,.0245,.0245,PASS,release/v1.0.0/stage6/tables/supplement_table_S3.csv,
supplement,supplement_table_S3.csv,3,1,4,Communication about medicines: Always,"Profile 5–3, pp",YES,0.29,0.29,PASS,release/v1.0.0/stage6/tables/supplement_table_S3.csv,
supplement,supplement_table_S3.csv,3,1,5,Communication about medicines: Always,95% CI,YES,-0.40 to 0.97,-0.40 to 0.97,PASS,release/v1.0.0/stage6/tables/supplement_table_S3.csv,
supplement,supplement_table_S3.csv,3,1,6,Communication about medicines: Always,Contrast P,YES,0.412,0.412,PASS,release/v1.0.0/stage6/tables/supplement_table_S3.csv,
supplement,supplement_table_S3.csv,3,2,0,Overall hospital rating: 9–10,Outcome,NO,Overall hospital rating: 9–10,Overall hospital rating: 9–10,PASS,release/v1.0.0/stage6/tables/supplement_table_S3.csv,
supplement,supplement_table_S3.csv,3,2,1,Overall hospital rating: 9–10,Global χ²,YES,22.70,22.70,PASS,release/v1.0.0/stage6/tables/supplement_table_S3.csv,
supplement,supplement_table_S3.csv,3,2,2,Overall hospital rating: 9–10,Global P,YES,<.001,<.001,PASS,release/v1.0.0/stage6/tables/supplement_table_S3.csv,
supplement,supplement_table_S3.csv,3,2,3,Overall hospital rating: 9–10,BH-FDR q,YES,<.001,<.001,PASS,release/v1.0.0/stage6/tables/supplement_table_S3.csv,
supplement,supplement_table_S3.csv,3,2,4,Overall hospital rating: 9–10,"Profile 5–3, pp",YES,0.09,0.09,PASS,release/v1.0.0/stage6/tables/supplement_table_S3.csv,
supplement,supplement_table_S3.csv,3,2,5,Overall hospital rating: 9–10,95% CI,YES,-0.90 to 1.07,-0.90 to 1.07,PASS,release/v1.0.0/stage6/tables/supplement_table_S3.csv,
supplement,supplement_table_S3.csv,3,2,6,Overall hospital rating: 9–10,Contrast P,YES,0.863,0.863,PASS,release/v1.0.0/stage6/tables/supplement_table_S3.csv,
supplement,supplement_table_S3.csv,3,3,0,Definitely recommend hospital,Outcome,NO,Definitely recommend hospital,Definitely recommend hospital,PASS,release/v1.0.0/stage6/tables/supplement_table_S3.csv,
supplement,supplement_table_S3.csv,3,3,1,Definitely recommend hospital,Global χ²,YES,28.18,28.18,PASS,release/v1.0.0/stage6/tables/supplement_table_S3.csv,
supplement,supplement_table_S3.csv,3,3,2,Definitely recommend hospital,Global P,YES,<.001,<.001,PASS,release/v1.0.0/stage6/tables/supplement_table_S3.csv,
supplement,supplement_table_S3.csv,3,3,3,Definitely recommend hospital,BH-FDR q,YES,<.001,<.001,PASS,release/v1.0.0/stage6/tables/supplement_table_S3.csv,
supplement,supplement_table_S3.csv,3,3,4,Definitely recommend hospital,"Profile 5–3, pp",YES,-0.34,-0.34,PASS,release/v1.0.0/stage6/tables/supplement_table_S3.csv,
supplement,supplement_table_S3.csv,3,3,5,Definitely recommend hospital,95% CI,YES,-1.50 to 0.81,-1.50 to 0.81,PASS,release/v1.0.0/stage6/tables/supplement_table_S3.csv,
supplement,supplement_table_S3.csv,3,3,6,Definitely recommend hospital,Contrast P,YES,0.560,0.560,PASS,release/v1.0.0/stage6/tables/supplement_table_S3.csv,
supplement,supplement_table_S3.csv,3,4,0,Nurse communication: Always,Outcome,NO,Nurse communication: Always,Nurse communication: Always,PASS,release/v1.0.0/stage6/tables/supplement_table_S3.csv,
supplement,supplement_table_S3.csv,3,4,1,Nurse communication: Always,Global χ²,YES,30.53,30.53,PASS,release/v1.0.0/stage6/tables/supplement_table_S3.csv,
supplement,supplement_table_S3.csv,3,4,2,Nurse communication: Always,Global P,YES,<.001,<.001,PASS,release/v1.0.0/stage6/tables/supplement_table_S3.csv,
supplement,supplement_table_S3.csv,3,4,3,Nurse communication: Always,BH-FDR q,YES,<.001,<.001,PASS,release/v1.0.0/stage6/tables/supplement_table_S3.csv,
supplement,supplement_table_S3.csv,3,4,4,Nurse communication: Always,"Profile 5–3, pp",YES,0.09,0.09,PASS,release/v1.0.0/stage6/tables/supplement_table_S3.csv,
supplement,supplement_table_S3.csv,3,4,5,Nurse communication: Always,95% CI,YES,-0.43 to 0.62,-0.43 to 0.62,PASS,release/v1.0.0/stage6/tables/supplement_table_S3.csv,
supplement,supplement_table_S3.csv,3,4,6,Nurse communication: Always,Contrast P,YES,0.725,0.725,PASS,release/v1.0.0/stage6/tables/supplement_table_S3.csv,
supplement,supplement_table_S3.csv,3,5,0,Doctor communication: Always,Outcome,NO,Doctor communication: Always,Doctor communication: Always,PASS,release/v1.0.0/stage6/tables/supplement_table_S3.csv,
supplement,supplement_table_S3.csv,3,5,1,Doctor communication: Always,Global χ²,YES,24.61,24.61,PASS,release/v1.0.0/stage6/tables/supplement_table_S3.csv,
supplement,supplement_table_S3.csv,3,5,2,Doctor communication: Always,Global P,YES,<.001,<.001,PASS,release/v1.0.0/stage6/tables/supplement_table_S3.csv,
supplement,supplement_table_S3.csv,3,5,3,Doctor communication: Always,BH-FDR q,YES,<.001,<.001,PASS,release/v1.0.0/stage6/tables/supplement_table_S3.csv,
supplement,supplement_table_S3.csv,3,5,4,Doctor communication: Always,"Profile 5–3, pp",YES,0.07,0.07,PASS,release/v1.0.0/stage6/tables/supplement_table_S3.csv,
supplement,supplement_table_S3.csv,3,5,5,Doctor communication: Always,95% CI,YES,-0.46 to 0.60,-0.46 to 0.60,PASS,release/v1.0.0/stage6/tables/supplement_table_S3.csv,
supplement,supplement_table_S3.csv,3,5,6,Doctor communication: Always,Contrast P,YES,0.796,0.796,PASS,release/v1.0.0/stage6/tables/supplement_table_S3.csv,
supplement,supplement_table_S4.csv,4,0,0,Diagnostic,Diagnostic,NO,Diagnostic,Diagnostic,PASS,release/v1.0.0/stage6/tables/supplement_table_S4.csv,
supplement,supplement_table_S4.csv,4,0,1,Diagnostic,Result,NO,Result,Result,PASS,release/v1.0.0/stage6/tables/supplement_table_S4.csv,
supplement,supplement_table_S4.csv,4,1,0,Observed primary-outcome hospitals,Diagnostic,NO,Observed primary-outcome hospitals,Observed primary-outcome hospitals,PASS,release/v1.0.0/stage6/tables/supplement_table_S4.csv,
supplement,supplement_table_S4.csv,4,1,1,Observed primary-outcome hospitals,Result,YES,2409,2409,PASS,release/v1.0.0/stage6/tables/supplement_table_S4.csv,
supplement,supplement_table_S4.csv,4,2,0,Mean effective sample size,Diagnostic,NO,Mean effective sample size,Mean effective sample size,PASS,release/v1.0.0/stage6/tables/supplement_table_S4.csv,
supplement,supplement_table_S4.csv,4,2,1,Mean effective sample size,Result,YES,2365.8,2365.8,PASS,release/v1.0.0/stage6/tables/supplement_table_S4.csv,
supplement,supplement_table_S4.csv,4,3,0,Minimum effective sample size across imputations,Diagnostic,NO,Minimum effective sample size across imputations,Minimum effective sample size across imputations,PASS,release/v1.0.0/stage6/tables/supplement_table_S4.csv,
supplement,supplement_table_S4.csv,4,3,1,Minimum effective sample size across imputations,Result,YES,2364.4,2364.4,PASS,release/v1.0.0/stage6/tables/supplement_table_S4.csv,
supplement,supplement_table_S4.csv,4,4,0,Minimum denominator probability,Diagnostic,NO,Minimum denominator probability,Minimum denominator probability,PASS,release/v1.0.0/stage6/tables/supplement_table_S4.csv,
supplement,supplement_table_S4.csv,4,4,1,Minimum denominator probability,Result,YES,0.0165,0.0165,PASS,release/v1.0.0/stage6/tables/supplement_table_S4.csv,
supplement,supplement_table_S4.csv,4,5,0,Maximum raw weight,Diagnostic,NO,Maximum raw weight,Maximum raw weight,PASS,release/v1.0.0/stage6/tables/supplement_table_S4.csv,
supplement,supplement_table_S4.csv,4,5,1,Maximum raw weight,Result,YES,15.35,15.35,PASS,release/v1.0.0/stage6/tables/supplement_table_S4.csv,
supplement,supplement_table_S4.csv,4,6,0,Mean 99th-percentile trimming threshold,Diagnostic,NO,Mean 99th-percentile trimming threshold,Mean 99th-percentile trimming threshold,PASS,release/v1.0.0/stage6/tables/supplement_table_S4.csv,
supplement,supplement_table_S4.csv,4,6,1,Mean 99th-percentile trimming threshold,Result,YES,1.79,1.79,PASS,release/v1.0.0/stage6/tables/supplement_table_S4.csv,
supplement,supplement_table_S4.csv,4,7,0,Maximum within-stratum |SMD| before weighting,Diagnostic,NO,Maximum within-stratum |SMD| before weighting,Maximum within-stratum |SMD| before weighting,PASS,release/v1.0.0/stage6/tables/supplement_table_S4.csv,
supplement,supplement_table_S4.csv,4,7,1,Maximum within-stratum |SMD| before weighting,Result,YES,0.217,0.217,PASS,release/v1.0.0/stage6/tables/supplement_table_S4.csv,
supplement,supplement_table_S4.csv,4,8,0,Maximum within-stratum |SMD| after weighting,Diagnostic,NO,Maximum within-stratum |SMD| after weighting,Maximum within-stratum |SMD| after weighting,PASS,release/v1.0.0/stage6/tables/supplement_table_S4.csv,
supplement,supplement_table_S4.csv,4,8,1,Maximum within-stratum |SMD| after weighting,Result,YES,0.177,0.177,PASS,release/v1.0.0/stage6/tables/supplement_table_S4.csv,
supplement,supplement_table_S5.csv,5,0,0,Term,Term,NO,Term,Term,PASS,release/v1.0.0/stage6/tables/supplement_table_S5.csv,
supplement,supplement_table_S5.csv,5,0,1,Term,Estimate,NO,Estimate,Estimate,PASS,release/v1.0.0/stage6/tables/supplement_table_S5.csv,
supplement,supplement_table_S5.csv,5,0,2,Term,SE,NO,SE,SE,PASS,release/v1.0.0/stage6/tables/supplement_table_S5.csv,
supplement,supplement_table_S5.csv,5,0,3,Term,95% CI,NO,95% CI,95% CI,PASS,release/v1.0.0/stage6/tables/supplement_table_S5.csv,
supplement,supplement_table_S5.csv,5,0,4,Term,P,NO,P,P,PASS,release/v1.0.0/stage6/tables/supplement_table_S5.csv,
supplement,supplement_table_S5.csv,5,1,0,Intercept,Term,NO,Intercept,Intercept,PASS,release/v1.0.0/stage6/tables/supplement_table_S5.csv,
supplement,supplement_table_S5.csv,5,1,1,Intercept,Estimate,YES,93.408,93.408,PASS,release/v1.0.0/stage6/tables/supplement_table_S5.csv,
supplement,supplement_table_S5.csv,5,1,2,Intercept,SE,YES,1.159,1.159,PASS,release/v1.0.0/stage6/tables/supplement_table_S5.csv,
supplement,supplement_table_S5.csv,5,1,3,Intercept,95% CI,YES,91.137 to 95.679,91.137 to 95.679,PASS,release/v1.0.0/stage6/tables/supplement_table_S5.csv,
supplement,supplement_table_S5.csv,5,1,4,Intercept,P,YES,<.001,<.001,PASS,release/v1.0.0/stage6/tables/supplement_table_S5.csv,
supplement,supplement_table_S5.csv,5,2,0,profile_0,Term,NO,profile_0,profile_0,PASS,release/v1.0.0/stage6/tables/supplement_table_S5.csv,
supplement,supplement_table_S5.csv,5,2,1,profile_0,Estimate,YES,0.102,0.102,PASS,release/v1.0.0/stage6/tables/supplement_table_S5.csv,
supplement,supplement_table_S5.csv,5,2,2,profile_0,SE,YES,0.537,0.537,PASS,release/v1.0.0/stage6/tables/supplement_table_S5.csv,
supplement,supplement_table_S5.csv,5,2,3,profile_0,95% CI,YES,-0.950 to 1.155,-0.950 to 1.155,PASS,release/v1.0.0/stage6/tables/supplement_table_S5.csv,
supplement,supplement_table_S5.csv,5,2,4,profile_0,P,YES,.849,.849,PASS,release/v1.0.0/stage6/tables/supplement_table_S5.csv,
supplement,supplement_table_S5.csv,5,3,0,profile_1,Term,NO,profile_1,profile_1,PASS,release/v1.0.0/stage6/tables/supplement_table_S5.csv,
supplement,supplement_table_S5.csv,5,3,1,profile_1,Estimate,YES,-1.427,-1.427,PASS,release/v1.0.0/stage6/tables/supplement_table_S5.csv,
supplement,supplement_table_S5.csv,5,3,2,profile_1,SE,YES,0.338,0.338,PASS,release/v1.0.0/stage6/tables/supplement_table_S5.csv,
supplement,supplement_table_S5.csv,5,3,3,profile_1,95% CI,YES,-2.090 to -0.764,-2.090 to -0.764,PASS,release/v1.0.0/stage6/tables/supplement_table_S5.csv,
supplement,supplement_table_S5.csv,5,3,4,profile_1,P,YES,<.001,<.001,PASS,release/v1.0.0/stage6/tables/supplement_table_S5.csv,
supplement,supplement_table_S5.csv,5,4,0,profile_2,Term,NO,profile_2,profile_2,PASS,release/v1.0.0/stage6/tables/supplement_table_S5.csv,
supplement,supplement_table_S5.csv,5,4,1,profile_2,Estimate,YES,0.000,0.000,PASS,release/v1.0.0/stage6/tables/supplement_table_S5.csv,
supplement,supplement_table_S5.csv,5,4,2,profile_2,SE,YES,0.228,0.228,PASS,release/v1.0.0/stage6/tables/supplement_table_S5.csv,
supplement,supplement_table_S5.csv,5,4,3,profile_2,95% CI,YES,-0.448 to 0.447,-0.448 to 0.447,PASS,release/v1.0.0/stage6/tables/supplement_table_S5.csv,
supplement,supplement_table_S5.csv,5,4,4,profile_2,P,YES,.999,.999,PASS,release/v1.0.0/stage6/tables/supplement_table_S5.csv,
supplement,supplement_table_S5.csv,5,5,0,profile_4,Term,NO,profile_4,profile_4,PASS,release/v1.0.0/stage6/tables/supplement_table_S5.csv,
supplement,supplement_table_S5.csv,5,5,1,profile_4,Estimate,YES,-0.477,-0.477,PASS,release/v1.0.0/stage6/tables/supplement_table_S5.csv,
supplement,supplement_table_S5.csv,5,5,2,profile_4,SE,YES,0.275,0.275,PASS,release/v1.0.0/stage6/tables/supplement_table_S5.csv,
supplement,supplement_table_S5.csv,5,5,3,profile_4,95% CI,YES,-1.017 to 0.063,-1.017 to 0.063,PASS,release/v1.0.0/stage6/tables/supplement_table_S5.csv,
supplement,supplement_table_S5.csv,5,5,4,profile_4,P,YES,.083,.083,PASS,release/v1.0.0/stage6/tables/supplement_table_S5.csv,
supplement,supplement_table_S5.csv,5,6,0,profile_5,Term,NO,profile_5,profile_5,PASS,release/v1.0.0/stage6/tables/supplement_table_S5.csv,
supplement,supplement_table_S5.csv,5,6,1,profile_5,Estimate,YES,0.276,0.276,PASS,release/v1.0.0/stage6/tables/supplement_table_S5.csv,
supplement,supplement_table_S5.csv,5,6,2,profile_5,SE,YES,0.218,0.218,PASS,release/v1.0.0/stage6/tables/supplement_table_S5.csv,
supplement,supplement_table_S5.csv,5,6,3,profile_5,95% CI,YES,-0.151 to 0.703,-0.151 to 0.703,PASS,release/v1.0.0/stage6/tables/supplement_table_S5.csv,
supplement,supplement_table_S5.csv,5,6,4,profile_5,P,YES,.206,.206,PASS,release/v1.0.0/stage6/tables/supplement_table_S5.csv,
supplement,supplement_table_S5.csv,5,7,0,CAH,Term,NO,CAH,CAH,PASS,release/v1.0.0/stage6/tables/supplement_table_S5.csv,
supplement,supplement_table_S5.csv,5,7,1,CAH,Estimate,YES,0.826,0.826,PASS,release/v1.0.0/stage6/tables/supplement_table_S5.csv,
supplement,supplement_table_S5.csv,5,7,2,CAH,SE,YES,0.318,0.318,PASS,release/v1.0.0/stage6/tables/supplement_table_S5.csv,
supplement,supplement_table_S5.csv,5,7,3,CAH,95% CI,YES,0.202 to 1.450,0.202 to 1.450,PASS,release/v1.0.0/stage6/tables/supplement_table_S5.csv,
supplement,supplement_table_S5.csv,5,7,4,CAH,P,YES,.009,.009,PASS,release/v1.0.0/stage6/tables/supplement_table_S5.csv,
supplement,supplement_table_S5.csv,5,8,0,log2_beds_plus1,Term,NO,log2_beds_plus1,log2_beds_plus1,PASS,release/v1.0.0/stage6/tables/supplement_table_S5.csv,
supplement,supplement_table_S5.csv,5,8,1,log2_beds_plus1,Estimate,YES,-0.652,-0.652,PASS,release/v1.0.0/stage6/tables/supplement_table_S5.csv,
supplement,supplement_table_S5.csv,5,8,2,log2_beds_plus1,SE,YES,0.073,0.073,PASS,release/v1.0.0/stage6/tables/supplement_table_S5.csv,
supplement,supplement_table_S5.csv,5,8,3,log2_beds_plus1,95% CI,YES,-0.794 to -0.510,-0.794 to -0.510,PASS,release/v1.0.0/stage6/tables/supplement_table_S5.csv,
supplement,supplement_table_S5.csv,5,8,4,log2_beds_plus1,P,YES,<.001,<.001,PASS,release/v1.0.0/stage6/tables/supplement_table_S5.csv,
supplement,supplement_table_S5.csv,5,9,0,ownership_1,Term,NO,ownership_1,ownership_1,PASS,release/v1.0.0/stage6/tables/supplement_table_S5.csv,
supplement,supplement_table_S5.csv,5,9,1,ownership_1,Estimate,YES,0.193,0.193,PASS,release/v1.0.0/stage6/tables/supplement_table_S5.csv,
supplement,supplement_table_S5.csv,5,9,2,ownership_1,SE,YES,0.215,0.215,PASS,release/v1.0.0/stage6/tables/supplement_table_S5.csv,
supplement,supplement_table_S5.csv,5,9,3,ownership_1,95% CI,YES,-0.229 to 0.614,-0.229 to 0.614,PASS,release/v1.0.0/stage6/tables/supplement_table_S5.csv,
supplement,supplement_table_S5.csv,5,9,4,ownership_1,P,YES,.371,.371,PASS,release/v1.0.0/stage6/tables/supplement_table_S5.csv,
supplement,supplement_table_S5.csv,5,10,0,ownership_2,Term,NO,ownership_2,ownership_2,PASS,release/v1.0.0/stage6/tables/supplement_table_S5.csv,
supplement,supplement_table_S5.csv,5,10,1,ownership_2,Estimate,YES,-2.678,-2.678,PASS,release/v1.0.0/stage6/tables/supplement_table_S5.csv,
supplement,supplement_table_S5.csv,5,10,2,ownership_2,SE,YES,0.343,0.343,PASS,release/v1.0.0/stage6/tables/supplement_table_S5.csv,
supplement,supplement_table_S5.csv,5,10,3,ownership_2,95% CI,YES,-3.349 to -2.006,-3.349 to -2.006,PASS,release/v1.0.0/stage6/tables/supplement_table_S5.csv,
supplement,supplement_table_S5.csv,5,10,4,ownership_2,P,YES,<.001,<.001,PASS,release/v1.0.0/stage6/tables/supplement_table_S5.csv,
supplement,supplement_table_S5.csv,5,11,0,health_system_affiliated,Term,NO,health_system_affiliated,health_system_affiliated,PASS,release/v1.0.0/stage6/tables/supplement_table_S5.csv,
supplement,supplement_table_S5.csv,5,11,1,health_system_affiliated,Estimate,YES,0.095,0.095,PASS,release/v1.0.0/stage6/tables/supplement_table_S5.csv,
supplement,supplement_table_S5.csv,5,11,2,health_system_affiliated,SE,YES,0.351,0.351,PASS,release/v1.0.0/stage6/tables/supplement_table_S5.csv,
supplement,supplement_table_S5.csv,5,11,3,health_system_affiliated,95% CI,YES,-0.593 to 0.784,-0.593 to 0.784,PASS,release/v1.0.0/stage6/tables/supplement_table_S5.csv,
supplement,supplement_table_S5.csv,5,11,4,health_system_affiliated,P,YES,.787,.787,PASS,release/v1.0.0/stage6/tables/supplement_table_S5.csv,
supplement,supplement_table_S5.csv,5,12,0,teaching_intensity,Term,NO,teaching_intensity,teaching_intensity,PASS,release/v1.0.0/stage6/tables/supplement_table_S5.csv,
supplement,supplement_table_S5.csv,5,12,1,teaching_intensity,Estimate,YES,0.341,0.341,PASS,release/v1.0.0/stage6/tables/supplement_table_S5.csv,
supplement,supplement_table_S5.csv,5,12,2,teaching_intensity,SE,YES,0.373,0.373,PASS,release/v1.0.0/stage6/tables/supplement_table_S5.csv,
supplement,supplement_table_S5.csv,5,12,3,teaching_intensity,95% CI,YES,-0.391 to 1.073,-0.391 to 1.073,PASS,release/v1.0.0/stage6/tables/supplement_table_S5.csv,
supplement,supplement_table_S5.csv,5,12,4,teaching_intensity,P,YES,.361,.361,PASS,release/v1.0.0/stage6/tables/supplement_table_S5.csv,
supplement,supplement_table_S5.csv,5,13,0,high_dsh_flag,Term,NO,high_dsh_flag,high_dsh_flag,PASS,release/v1.0.0/stage6/tables/supplement_table_S5.csv,
supplement,supplement_table_S5.csv,5,13,1,high_dsh_flag,Estimate,YES,-1.848,-1.848,PASS,release/v1.0.0/stage6/tables/supplement_table_S5.csv,
supplement,supplement_table_S5.csv,5,13,2,high_dsh_flag,SE,YES,0.260,0.260,PASS,release/v1.0.0/stage6/tables/supplement_table_S5.csv,
supplement,supplement_table_S5.csv,5,13,3,high_dsh_flag,95% CI,YES,-2.358 to -1.338,-2.358 to -1.338,PASS,release/v1.0.0/stage6/tables/supplement_table_S5.csv,
supplement,supplement_table_S5.csv,5,13,4,high_dsh_flag,P,YES,<.001,<.001,PASS,release/v1.0.0/stage6/tables/supplement_table_S5.csv,
supplement,supplement_table_S5.csv,5,14,0,uncompensated_care_burden,Term,NO,uncompensated_care_burden,uncompensated_care_burden,PASS,release/v1.0.0/stage6/tables/supplement_table_S5.csv,
supplement,supplement_table_S5.csv,5,14,1,uncompensated_care_burden,Estimate,YES,-8.259,-8.259,PASS,release/v1.0.0/stage6/tables/supplement_table_S5.csv,
supplement,supplement_table_S5.csv,5,14,2,uncompensated_care_burden,SE,YES,2.099,2.099,PASS,release/v1.0.0/stage6/tables/supplement_table_S5.csv,
supplement,supplement_table_S5.csv,5,14,3,uncompensated_care_burden,95% CI,YES,-12.372 to -4.145,-12.372 to -4.145,PASS,release/v1.0.0/stage6/tables/supplement_table_S5.csv,
supplement,supplement_table_S5.csv,5,14,4,uncompensated_care_burden,P,YES,<.001,<.001,PASS,release/v1.0.0/stage6/tables/supplement_table_S5.csv,
supplement,supplement_table_S5.csv,5,15,0,high_uncompensated_care_flag,Term,NO,high_uncompensated_care_flag,high_uncompensated_care_flag,PASS,release/v1.0.0/stage6/tables/supplement_table_S5.csv,
supplement,supplement_table_S5.csv,5,15,1,high_uncompensated_care_flag,Estimate,YES,-0.436,-0.436,PASS,release/v1.0.0/stage6/tables/supplement_table_S5.csv,
supplement,supplement_table_S5.csv,5,15,2,high_uncompensated_care_flag,SE,YES,0.335,0.335,PASS,release/v1.0.0/stage6/tables/supplement_table_S5.csv,
supplement,supplement_table_S5.csv,5,15,3,high_uncompensated_care_flag,95% CI,YES,-1.093 to 0.221,-1.093 to 0.221,PASS,release/v1.0.0/stage6/tables/supplement_table_S5.csv,
supplement,supplement_table_S5.csv,5,15,4,high_uncompensated_care_flag,P,YES,.194,.194,PASS,release/v1.0.0/stage6/tables/supplement_table_S5.csv,
supplement,supplement_table_S5.csv,5,16,0,nonmetro,Term,NO,nonmetro,nonmetro,PASS,release/v1.0.0/stage6/tables/supplement_table_S5.csv,
supplement,supplement_table_S5.csv,5,16,1,nonmetro,Estimate,YES,0.171,0.171,PASS,release/v1.0.0/stage6/tables/supplement_table_S5.csv,
supplement,supplement_table_S5.csv,5,16,2,nonmetro,SE,YES,0.219,0.219,PASS,release/v1.0.0/stage6/tables/supplement_table_S5.csv,
supplement,supplement_table_S5.csv,5,16,3,nonmetro,95% CI,YES,-0.259 to 0.601,-0.259 to 0.601,PASS,release/v1.0.0/stage6/tables/supplement_table_S5.csv,
supplement,supplement_table_S5.csv,5,16,4,nonmetro,P,YES,.436,.436,PASS,release/v1.0.0/stage6/tables/supplement_table_S5.csv,
supplement,supplement_table_S5.csv,5,17,0,year2025,Term,NO,year2025,year2025,PASS,release/v1.0.0/stage6/tables/supplement_table_S5.csv,
supplement,supplement_table_S5.csv,5,17,1,year2025,Estimate,YES,0.405,0.405,PASS,release/v1.0.0/stage6/tables/supplement_table_S5.csv,
supplement,supplement_table_S5.csv,5,17,2,year2025,SE,YES,0.246,0.246,PASS,release/v1.0.0/stage6/tables/supplement_table_S5.csv,
supplement,supplement_table_S5.csv,5,17,3,year2025,95% CI,YES,-0.077 to 0.886,-0.077 to 0.886,PASS,release/v1.0.0/stage6/tables/supplement_table_S5.csv,
supplement,supplement_table_S5.csv,5,17,4,year2025,P,YES,.099,.099,PASS,release/v1.0.0/stage6/tables/supplement_table_S5.csv,
supplement,supplement_table_S6.csv,6,0,0,Term,Term,NO,Term,Term,PASS,release/v1.0.0/stage6/tables/supplement_table_S6.csv,
supplement,supplement_table_S6.csv,6,0,1,Term,Estimate,NO,Estimate,Estimate,PASS,release/v1.0.0/stage6/tables/supplement_table_S6.csv,
supplement,supplement_table_S6.csv,6,0,2,Term,SE,NO,SE,SE,PASS,release/v1.0.0/stage6/tables/supplement_table_S6.csv,
supplement,supplement_table_S6.csv,6,0,3,Term,95% CI,NO,95% CI,95% CI,PASS,release/v1.0.0/stage6/tables/supplement_table_S6.csv,
supplement,supplement_table_S6.csv,6,0,4,Term,P,NO,P,P,PASS,release/v1.0.0/stage6/tables/supplement_table_S6.csv,
supplement,supplement_table_S6.csv,6,1,0,Intercept,Term,NO,Intercept,Intercept,PASS,release/v1.0.0/stage6/tables/supplement_table_S6.csv,
supplement,supplement_table_S6.csv,6,1,1,Intercept,Estimate,YES,92.706,92.706,PASS,release/v1.0.0/stage6/tables/supplement_table_S6.csv,
supplement,supplement_table_S6.csv,6,1,2,Intercept,SE,YES,1.135,1.135,PASS,release/v1.0.0/stage6/tables/supplement_table_S6.csv,
supplement,supplement_table_S6.csv,6,1,3,Intercept,95% CI,YES,90.481 to 94.930,90.481 to 94.930,PASS,release/v1.0.0/stage6/tables/supplement_table_S6.csv,
supplement,supplement_table_S6.csv,6,1,4,Intercept,P,YES,<.001,<.001,PASS,release/v1.0.0/stage6/tables/supplement_table_S6.csv,
supplement,supplement_table_S6.csv,6,2,0,conventional_count,Term,NO,conventional_count,conventional_count,PASS,release/v1.0.0/stage6/tables/supplement_table_S6.csv,
supplement,supplement_table_S6.csv,6,2,1,conventional_count,Estimate,YES,0.321,0.321,PASS,release/v1.0.0/stage6/tables/supplement_table_S6.csv,
supplement,supplement_table_S6.csv,6,2,2,conventional_count,SE,YES,0.139,0.139,PASS,release/v1.0.0/stage6/tables/supplement_table_S6.csv,
supplement,supplement_table_S6.csv,6,2,3,conventional_count,95% CI,YES,0.049 to 0.594,0.049 to 0.594,PASS,release/v1.0.0/stage6/tables/supplement_table_S6.csv,
supplement,supplement_table_S6.csv,6,2,4,conventional_count,P,YES,.021,.021,PASS,release/v1.0.0/stage6/tables/supplement_table_S6.csv,
supplement,supplement_table_S6.csv,6,3,0,current_tefca,Term,NO,current_tefca,current_tefca,PASS,release/v1.0.0/stage6/tables/supplement_table_S6.csv,
supplement,supplement_table_S6.csv,6,3,1,current_tefca,Estimate,YES,-0.291,-0.291,PASS,release/v1.0.0/stage6/tables/supplement_table_S6.csv,
supplement,supplement_table_S6.csv,6,3,2,current_tefca,SE,YES,0.535,0.535,PASS,release/v1.0.0/stage6/tables/supplement_table_S6.csv,
supplement,supplement_table_S6.csv,6,3,3,current_tefca,95% CI,YES,-1.339 to 0.758,-1.339 to 0.758,PASS,release/v1.0.0/stage6/tables/supplement_table_S6.csv,
supplement,supplement_table_S6.csv,6,3,4,current_tefca,P,YES,.587,.587,PASS,release/v1.0.0/stage6/tables/supplement_table_S6.csv,
supplement,supplement_table_S6.csv,6,4,0,count_x_tefca,Term,NO,count_x_tefca,count_x_tefca,PASS,release/v1.0.0/stage6/tables/supplement_table_S6.csv,
supplement,supplement_table_S6.csv,6,4,1,count_x_tefca,Estimate,YES,0.148,0.148,PASS,release/v1.0.0/stage6/tables/supplement_table_S6.csv,
supplement,supplement_table_S6.csv,6,4,2,count_x_tefca,SE,YES,0.206,0.206,PASS,release/v1.0.0/stage6/tables/supplement_table_S6.csv,
supplement,supplement_table_S6.csv,6,4,3,count_x_tefca,95% CI,YES,-0.255 to 0.551,-0.255 to 0.551,PASS,release/v1.0.0/stage6/tables/supplement_table_S6.csv,
supplement,supplement_table_S6.csv,6,4,4,count_x_tefca,P,YES,.471,.471,PASS,release/v1.0.0/stage6/tables/supplement_table_S6.csv,
supplement,supplement_table_S6.csv,6,5,0,CAH,Term,NO,CAH,CAH,PASS,release/v1.0.0/stage6/tables/supplement_table_S6.csv,
supplement,supplement_table_S6.csv,6,5,1,CAH,Estimate,YES,0.835,0.835,PASS,release/v1.0.0/stage6/tables/supplement_table_S6.csv,
supplement,supplement_table_S6.csv,6,5,2,CAH,SE,YES,0.317,0.317,PASS,release/v1.0.0/stage6/tables/supplement_table_S6.csv,
supplement,supplement_table_S6.csv,6,5,3,CAH,95% CI,YES,0.213 to 1.457,0.213 to 1.457,PASS,release/v1.0.0/stage6/tables/supplement_table_S6.csv,
supplement,supplement_table_S6.csv,6,5,4,CAH,P,YES,.009,.009,PASS,release/v1.0.0/stage6/tables/supplement_table_S6.csv,
supplement,supplement_table_S6.csv,6,6,0,log2_beds_plus1,Term,NO,log2_beds_plus1,log2_beds_plus1,PASS,release/v1.0.0/stage6/tables/supplement_table_S6.csv,
supplement,supplement_table_S6.csv,6,6,1,log2_beds_plus1,Estimate,YES,-0.664,-0.664,PASS,release/v1.0.0/stage6/tables/supplement_table_S6.csv,
supplement,supplement_table_S6.csv,6,6,2,log2_beds_plus1,SE,YES,0.073,0.073,PASS,release/v1.0.0/stage6/tables/supplement_table_S6.csv,
supplement,supplement_table_S6.csv,6,6,3,log2_beds_plus1,95% CI,YES,-0.808 to -0.520,-0.808 to -0.520,PASS,release/v1.0.0/stage6/tables/supplement_table_S6.csv,
supplement,supplement_table_S6.csv,6,6,4,log2_beds_plus1,P,YES,<.001,<.001,PASS,release/v1.0.0/stage6/tables/supplement_table_S6.csv,
supplement,supplement_table_S6.csv,6,7,0,ownership_1,Term,NO,ownership_1,ownership_1,PASS,release/v1.0.0/stage6/tables/supplement_table_S6.csv,
supplement,supplement_table_S6.csv,6,7,1,ownership_1,Estimate,YES,0.165,0.165,PASS,release/v1.0.0/stage6/tables/supplement_table_S6.csv,
supplement,supplement_table_S6.csv,6,7,2,ownership_1,SE,YES,0.216,0.216,PASS,release/v1.0.0/stage6/tables/supplement_table_S6.csv,
supplement,supplement_table_S6.csv,6,7,3,ownership_1,95% CI,YES,-0.259 to 0.588,-0.259 to 0.588,PASS,release/v1.0.0/stage6/tables/supplement_table_S6.csv,
supplement,supplement_table_S6.csv,6,7,4,ownership_1,P,YES,.446,.446,PASS,release/v1.0.0/stage6/tables/supplement_table_S6.csv,
supplement,supplement_table_S6.csv,6,8,0,ownership_2,Term,NO,ownership_2,ownership_2,PASS,release/v1.0.0/stage6/tables/supplement_table_S6.csv,
supplement,supplement_table_S6.csv,6,8,1,ownership_2,Estimate,YES,-2.788,-2.788,PASS,release/v1.0.0/stage6/tables/supplement_table_S6.csv,
supplement,supplement_table_S6.csv,6,8,2,ownership_2,SE,YES,0.350,0.350,PASS,release/v1.0.0/stage6/tables/supplement_table_S6.csv,
supplement,supplement_table_S6.csv,6,8,3,ownership_2,95% CI,YES,-3.473 to -2.103,-3.473 to -2.103,PASS,release/v1.0.0/stage6/tables/supplement_table_S6.csv,
supplement,supplement_table_S6.csv,6,8,4,ownership_2,P,YES,<.001,<.001,PASS,release/v1.0.0/stage6/tables/supplement_table_S6.csv,
supplement,supplement_table_S6.csv,6,9,0,health_system_affiliated,Term,NO,health_system_affiliated,health_system_affiliated,PASS,release/v1.0.0/stage6/tables/supplement_table_S6.csv,
supplement,supplement_table_S6.csv,6,9,1,health_system_affiliated,Estimate,YES,0.145,0.145,PASS,release/v1.0.0/stage6/tables/supplement_table_S6.csv,
supplement,supplement_table_S6.csv,6,9,2,health_system_affiliated,SE,YES,0.355,0.355,PASS,release/v1.0.0/stage6/tables/supplement_table_S6.csv,
supplement,supplement_table_S6.csv,6,9,3,health_system_affiliated,95% CI,YES,-0.551 to 0.841,-0.551 to 0.841,PASS,release/v1.0.0/stage6/tables/supplement_table_S6.csv,
supplement,supplement_table_S6.csv,6,9,4,health_system_affiliated,P,YES,.683,.683,PASS,release/v1.0.0/stage6/tables/supplement_table_S6.csv,
supplement,supplement_table_S6.csv,6,10,0,teaching_intensity,Term,NO,teaching_intensity,teaching_intensity,PASS,release/v1.0.0/stage6/tables/supplement_table_S6.csv,
supplement,supplement_table_S6.csv,6,10,1,teaching_intensity,Estimate,YES,0.306,0.306,PASS,release/v1.0.0/stage6/tables/supplement_table_S6.csv,
supplement,supplement_table_S6.csv,6,10,2,teaching_intensity,SE,YES,0.415,0.415,PASS,release/v1.0.0/stage6/tables/supplement_table_S6.csv,
supplement,supplement_table_S6.csv,6,10,3,teaching_intensity,95% CI,YES,-0.508 to 1.121,-0.508 to 1.121,PASS,release/v1.0.0/stage6/tables/supplement_table_S6.csv,
supplement,supplement_table_S6.csv,6,10,4,teaching_intensity,P,YES,.461,.461,PASS,release/v1.0.0/stage6/tables/supplement_table_S6.csv,
supplement,supplement_table_S6.csv,6,11,0,high_dsh_flag,Term,NO,high_dsh_flag,high_dsh_flag,PASS,release/v1.0.0/stage6/tables/supplement_table_S6.csv,
supplement,supplement_table_S6.csv,6,11,1,high_dsh_flag,Estimate,YES,-1.850,-1.850,PASS,release/v1.0.0/stage6/tables/supplement_table_S6.csv,
supplement,supplement_table_S6.csv,6,11,2,high_dsh_flag,SE,YES,0.265,0.265,PASS,release/v1.0.0/stage6/tables/supplement_table_S6.csv,
supplement,supplement_table_S6.csv,6,11,3,high_dsh_flag,95% CI,YES,-2.369 to -1.330,-2.369 to -1.330,PASS,release/v1.0.0/stage6/tables/supplement_table_S6.csv,
supplement,supplement_table_S6.csv,6,11,4,high_dsh_flag,P,YES,<.001,<.001,PASS,release/v1.0.0/stage6/tables/supplement_table_S6.csv,
supplement,supplement_table_S6.csv,6,12,0,uncompensated_care_burden,Term,NO,uncompensated_care_burden,uncompensated_care_burden,PASS,release/v1.0.0/stage6/tables/supplement_table_S6.csv,
supplement,supplement_table_S6.csv,6,12,1,uncompensated_care_burden,Estimate,YES,-7.636,-7.636,PASS,release/v1.0.0/stage6/tables/supplement_table_S6.csv,
supplement,supplement_table_S6.csv,6,12,2,uncompensated_care_burden,SE,YES,2.083,2.083,PASS,release/v1.0.0/stage6/tables/supplement_table_S6.csv,
supplement,supplement_table_S6.csv,6,12,3,uncompensated_care_burden,95% CI,YES,-11.719 to -3.554,-11.719 to -3.554,PASS,release/v1.0.0/stage6/tables/supplement_table_S6.csv,
supplement,supplement_table_S6.csv,6,12,4,uncompensated_care_burden,P,YES,<.001,<.001,PASS,release/v1.0.0/stage6/tables/supplement_table_S6.csv,
supplement,supplement_table_S6.csv,6,13,0,high_uncompensated_care_flag,Term,NO,high_uncompensated_care_flag,high_uncompensated_care_flag,PASS,release/v1.0.0/stage6/tables/supplement_table_S6.csv,
supplement,supplement_table_S6.csv,6,13,1,high_uncompensated_care_flag,Estimate,YES,-0.527,-0.527,PASS,release/v1.0.0/stage6/tables/supplement_table_S6.csv,
supplement,supplement_table_S6.csv,6,13,2,high_uncompensated_care_flag,SE,YES,0.332,0.332,PASS,release/v1.0.0/stage6/tables/supplement_table_S6.csv,
supplement,supplement_table_S6.csv,6,13,3,high_uncompensated_care_flag,95% CI,YES,-1.177 to 0.124,-1.177 to 0.124,PASS,release/v1.0.0/stage6/tables/supplement_table_S6.csv,
supplement,supplement_table_S6.csv,6,13,4,high_uncompensated_care_flag,P,YES,.113,.113,PASS,release/v1.0.0/stage6/tables/supplement_table_S6.csv,
supplement,supplement_table_S6.csv,6,14,0,nonmetro,Term,NO,nonmetro,nonmetro,PASS,release/v1.0.0/stage6/tables/supplement_table_S6.csv,
supplement,supplement_table_S6.csv,6,14,1,nonmetro,Estimate,YES,0.134,0.134,PASS,release/v1.0.0/stage6/tables/supplement_table_S6.csv,
supplement,supplement_table_S6.csv,6,14,2,nonmetro,SE,YES,0.220,0.220,PASS,release/v1.0.0/stage6/tables/supplement_table_S6.csv,
supplement,supplement_table_S6.csv,6,14,3,nonmetro,95% CI,YES,-0.297 to 0.564,-0.297 to 0.564,PASS,release/v1.0.0/stage6/tables/supplement_table_S6.csv,
supplement,supplement_table_S6.csv,6,14,4,nonmetro,P,YES,.543,.543,PASS,release/v1.0.0/stage6/tables/supplement_table_S6.csv,
supplement,supplement_table_S6.csv,6,15,0,year2025,Term,NO,year2025,year2025,PASS,release/v1.0.0/stage6/tables/supplement_table_S6.csv,
supplement,supplement_table_S6.csv,6,15,1,year2025,Estimate,YES,0.329,0.329,PASS,release/v1.0.0/stage6/tables/supplement_table_S6.csv,
supplement,supplement_table_S6.csv,6,15,2,year2025,SE,YES,0.245,0.245,PASS,release/v1.0.0/stage6/tables/supplement_table_S6.csv,
supplement,supplement_table_S6.csv,6,15,3,year2025,95% CI,YES,-0.152 to 0.809,-0.152 to 0.809,PASS,release/v1.0.0/stage6/tables/supplement_table_S6.csv,
supplement,supplement_table_S6.csv,6,15,4,year2025,P,YES,.180,.180,PASS,release/v1.0.0/stage6/tables/supplement_table_S6.csv,
supplement,supplement_table_S7.csv,6,0,0,stratified_value,value,YES,39.741425,39.741425,PASS,release/v1.0.0/postreview/stratified_analyses_reported_table.csv,
supplement,supplement_table_S7.csv,6,1,0,stratified_value,value,YES,<.001,<.001,PASS,release/v1.0.0/postreview/stratified_analyses_reported_table.csv,
supplement,supplement_table_S7.csv,6,2,0,stratified_value,value,YES,0.201061,0.201061,PASS,release/v1.0.0/postreview/stratified_analyses_reported_table.csv,
supplement,supplement_table_S7.csv,6,3,0,stratified_value,value,YES,0.212236,0.212236,PASS,release/v1.0.0/postreview/stratified_analyses_reported_table.csv,
supplement,supplement_table_S7.csv,6,4,0,stratified_value,value,YES,-0.214915 to 0.617036,-0.214915 to 0.617036,PASS,release/v1.0.0/postreview/stratified_analyses_reported_table.csv,
supplement,supplement_table_S7.csv,6,5,0,stratified_value,value,YES,.343463,.343463,PASS,release/v1.0.0/postreview/stratified_analyses_reported_table.csv,
supplement,supplement_table_S7.csv,6,6,0,stratified_value,value,YES,1.738075,1.738075,PASS,release/v1.0.0/postreview/stratified_analyses_reported_table.csv,
supplement,supplement_table_S7.csv,6,7,0,stratified_value,value,YES,.884,.884,PASS,release/v1.0.0/postreview/stratified_analyses_reported_table.csv,
supplement,supplement_table_S7.csv,6,8,0,stratified_value,value,YES,0.798441,0.798441,PASS,release/v1.0.0/postreview/stratified_analyses_reported_table.csv,
supplement,supplement_table_S7.csv,6,9,0,stratified_value,value,YES,0.966016,0.966016,PASS,release/v1.0.0/postreview/stratified_analyses_reported_table.csv,
supplement,supplement_table_S7.csv,6,10,0,stratified_value,value,YES,-1.094916 to 2.691798,-1.094916 to 2.691798,PASS,release/v1.0.0/postreview/stratified_analyses_reported_table.csv,
supplement,supplement_table_S7.csv,6,11,0,stratified_value,value,YES,.408504,.408504,PASS,release/v1.0.0/postreview/stratified_analyses_reported_table.csv,
supplement,supplement_table_S8.csv,7,0,1,flexible_value,value,YES,29.031947,29.031947,PASS,release/v1.0.0/postreview/flexible_bed_size_sensitivity.csv,
supplement,supplement_table_S8.csv,7,1,1,flexible_value,value,YES,23.663698,23.663698,PASS,release/v1.0.0/postreview/flexible_bed_size_sensitivity.csv,
supplement,supplement_table_S8.csv,7,2,1,flexible_value,value,YES,0.275958,0.275958,PASS,release/v1.0.0/postreview/flexible_bed_size_sensitivity.csv,
supplement,supplement_table_S8.csv,7,3,1,flexible_value,value,YES,0.230981,0.230981,PASS,release/v1.0.0/postreview/flexible_bed_size_sensitivity.csv,
supplement,supplement_table_S8.csv,7,4,1,flexible_value,value,YES,7.182316,7.182316,PASS,release/v1.0.0/postreview/flexible_bed_size_sensitivity.csv,
supplement,supplement_table_S8.csv,7,5,1,flexible_value,value,YES,7.424941,7.424941,PASS,release/v1.0.0/postreview/flexible_bed_size_sensitivity.csv,
supplement,supplement_table_S8.csv,7,6,1,flexible_value,value,YES,-2.700048,-2.700048,PASS,release/v1.0.0/postreview/flexible_bed_size_sensitivity.csv,
supplement,supplement_table_S8.csv,7,7,1,flexible_value,value,YES,0.145633,0.145633,PASS,release/v1.0.0/postreview/flexible_bed_size_sensitivity.csv,
supplement,supplement_table_S8.csv,7,8,1,flexible_value,value,YES,86.856337,86.856337,PASS,release/v1.0.0/postreview/flexible_bed_size_sensitivity.csv,
supplement,supplement_table_S8.csv,7,9,1,flexible_value,value,YES,85.501849,85.501849,PASS,release/v1.0.0/postreview/flexible_bed_size_sensitivity.csv,
supplement,supplement_table_S8.csv,7,10,1,flexible_value,value,YES,86.842695,86.842695,PASS,release/v1.0.0/postreview/flexible_bed_size_sensitivity.csv,
supplement,supplement_table_S8.csv,7,11,1,flexible_value,value,YES,86.806300,86.806300,PASS,release/v1.0.0/postreview/flexible_bed_size_sensitivity.csv,
supplement,supplement_table_S8.csv,7,12,1,flexible_value,value,YES,86.390673,86.390673,PASS,release/v1.0.0/postreview/flexible_bed_size_sensitivity.csv,
supplement,supplement_table_S8.csv,7,13,1,flexible_value,value,YES,87.037281,87.037281,PASS,release/v1.0.0/postreview/flexible_bed_size_sensitivity.csv,
supplement,supplement_table_S8.csv,7,14,1,flexible_value,value,YES,0.060520,0.060520,PASS,release/v1.0.0/postreview/flexible_bed_size_sensitivity.csv,
supplement,supplement_table_S8.csv,7,15,1,flexible_value,value,YES,1.037710,1.037710,PASS,release/v1.0.0/postreview/flexible_bed_size_sensitivity.csv,
supplement,supplement_table_S8.csv,7,12,3,Flexible adjusted mean profile 3,95% CI,YES,87.141780,87.141780,PASS,release/v1.0.0/postreview/flexible_bed_size_sensitivity.csv,87.14178037143783
supplement,supplement_table_S8.csv,7,14,3,Flexible adjusted mean profile 5,95% CI,YES,86.721337,86.721337,PASS,release/v1.0.0/postreview/flexible_bed_size_sensitivity.csv,86.72133653604371
supplement,supplement_table_S8.csv,7,16,3,Flexible CAH Profile 5–3,95% CI,YES,-0.449507 to 2.524927,-0.449507 to 2.524927,PASS,release/v1.0.0/postreview/flexible_bed_size_sensitivity.csv,2.524926987743945
